Observer,ColorIndex,Display1,Display2,MatchingScore
aaa,1,1,2,5
aaa,1,1,2,5
aaa,1,1,3,5
aaa,1,1,3,3
aaa,1,1,4,5
aaa,1,1,4,5
aaa,1,2,3,4
aaa,1,2,3,4
aaa,1,2,4,5
aaa,1,2,4,4
aaa,1,3,4,3
aaa,1,3,4,4
aaa,2,1,2,5
aaa,2,1,2,4
aaa,2,1,3,4
aaa,2,1,3,3
aaa,2,1,4,0
aaa,2,1,4,0
aaa,2,2,3,4
aaa,2,2,3,3
aaa,2,2,4,0
aaa,2,2,4,0
aaa,2,3,4,0
aaa,2,3,4,0
aaa,3,1,2,4
aaa,3,1,2,4
aaa,3,1,3,4
aaa,3,1,3,3
aaa,3,1,4,5
aaa,3,1,4,5
aaa,3,2,3,3
aaa,3,2,3,3
aaa,3,2,4,4
aaa,3,2,4,3
aaa,3,3,4,3
aaa,3,3,4,3
aaa,4,1,2,4
aaa,4,1,2,4
aaa,4,1,3,4
aaa,4,1,3,3
aaa,4,1,4,5
aaa,4,1,4,4
aaa,4,2,3,4
aaa,4,2,3,3
aaa,4,2,4,5
aaa,4,2,4,4
aaa,4,3,4,4
aaa,4,3,4,3
aaa,5,1,2,5
aaa,5,1,2,4
aaa,5,1,3,4
aaa,5,1,3,3
aaa,5,1,4,0
aaa,5,1,4,0
aaa,5,2,3,3
aaa,5,2,3,2
aaa,5,2,4,0
aaa,5,2,4,0
aaa,5,3,4,0
aaa,5,3,4,0
aaa,6,1,2,4
aaa,6,1,2,4
aaa,6,1,3,4
aaa,6,1,3,4
aaa,6,1,4,4
aaa,6,1,4,4
aaa,6,2,3,5
aaa,6,2,3,4
aaa,6,2,4,5
aaa,6,2,4,5
aaa,6,3,4,4
aaa,6,3,4,4
aaa,7,1,2,5
aaa,7,1,2,4
aaa,7,1,3,2
aaa,7,1,3,3
aaa,7,1,4,4
aaa,7,1,4,4
aaa,7,2,3,4
aaa,7,2,3,4
aaa,7,2,4,5
aaa,7,2,4,4
aaa,7,3,4,3
aaa,7,3,4,3
aaa,8,1,2,3
aaa,8,1,2,4
aaa,8,1,3,3
aaa,8,1,3,3
aaa,8,1,4,4
aaa,8,1,4,4
aaa,8,2,3,3
aaa,8,2,3,2
aaa,8,2,4,5
aaa,8,2,4,5
aaa,8,3,4,3
aaa,8,3,4,3
aaa,9,1,2,4
aaa,9,1,2,4
aaa,9,1,3,2
aaa,9,1,3,3
aaa,9,1,4,5
aaa,9,1,4,4
aaa,9,2,3,2
aaa,9,2,3,3
aaa,9,2,4,5
aaa,9,2,4,3
aaa,9,3,4,2
aaa,9,3,4,2
aaa,10,1,2,2
aaa,10,1,2,2
aaa,10,1,3,2
aaa,10,1,3,2
aaa,10,1,4,2
aaa,10,1,4,2
aaa,10,2,3,3
aaa,10,2,3,3
aaa,10,2,4,5
aaa,10,2,4,3
aaa,10,3,4,3
aaa,10,3,4,3
aaa,11,1,2,4
aaa,11,1,2,4
aaa,11,1,3,4
aaa,11,1,3,3
aaa,11,1,4,5
aaa,11,1,4,2
aaa,11,2,3,3
aaa,11,2,3,4
aaa,11,2,4,4
aaa,11,2,4,4
aaa,11,3,4,3
aaa,11,3,4,3
aac,1,1,2,4
aac,1,1,2,3
aac,1,1,3,4
aac,1,1,3,2
aac,1,1,4,3
aac,1,1,4,3
aac,1,2,3,2
aac,1,2,3,1
aac,1,2,4,3
aac,1,2,4,3
aac,1,3,4,1
aac,1,3,4,1
aac,2,1,2,5
aac,2,1,2,5
aac,2,1,3,5
aac,2,1,3,4
aac,2,1,4,0
aac,2,1,4,0
aac,2,2,3,5
aac,2,2,3,5
aac,2,2,4,0
aac,2,2,4,0
aac,2,3,4,0
aac,2,3,4,0
aac,3,1,2,5
aac,3,1,2,3
aac,3,1,3,2
aac,3,1,3,2
aac,3,1,4,4
aac,3,1,4,4
aac,3,2,3,2
aac,3,2,3,1
aac,3,2,4,4
aac,3,2,4,3
aac,3,3,4,2
aac,3,3,4,3
aac,4,1,2,4
aac,4,1,2,4
aac,4,1,3,2
aac,4,1,3,2
aac,4,1,4,5
aac,4,1,4,3
aac,4,2,3,2
aac,4,2,3,2
aac,4,2,4,4
aac,4,2,4,3
aac,4,3,4,1
aac,4,3,4,1
aac,5,1,2,5
aac,5,1,2,5
aac,5,1,3,5
aac,5,1,3,3
aac,5,1,4,0
aac,5,1,4,0
aac,5,2,3,3
aac,5,2,3,2
aac,5,2,4,0
aac,5,2,4,0
aac,5,3,4,0
aac,5,3,4,0
aac,6,1,2,2
aac,6,1,2,3
aac,6,1,3,2
aac,6,1,3,2
aac,6,1,4,4
aac,6,1,4,3
aac,6,2,3,1
aac,6,2,3,3
aac,6,2,4,2
aac,6,2,4,2
aac,6,3,4,1
aac,6,3,4,1
aac,7,1,2,2
aac,7,1,2,3
aac,7,1,3,2
aac,7,1,3,1
aac,7,1,4,2
aac,7,1,4,2
aac,7,2,3,1
aac,7,2,3,1
aac,7,2,4,3
aac,7,2,4,2
aac,7,3,4,1
aac,7,3,4,1
aac,8,1,2,4
aac,8,1,2,5
aac,8,1,3,5
aac,8,1,3,2
aac,8,1,4,4
aac,8,1,4,3
aac,8,2,3,5
aac,8,2,3,4
aac,8,2,4,4
aac,8,2,4,5
aac,8,3,4,2
aac,8,3,4,5
aac,9,1,2,4
aac,9,1,2,4
aac,9,1,3,1
aac,9,1,3,2
aac,9,1,4,4
aac,9,1,4,4
aac,9,2,3,3
aac,9,2,3,2
aac,9,2,4,3
aac,9,2,4,3
aac,9,3,4,3
aac,9,3,4,2
aac,10,1,2,1
aac,10,1,2,1
aac,10,1,3,1
aac,10,1,3,1
aac,10,1,4,1
aac,10,1,4,1
aac,10,2,3,1
aac,10,2,3,4
aac,10,2,4,2
aac,10,2,4,3
aac,10,3,4,1
aac,10,3,4,2
aac,11,1,2,3
aac,11,1,2,2
aac,11,1,3,2
aac,11,1,3,2
aac,11,1,4,2
aac,11,1,4,4
aac,11,2,3,2
aac,11,2,3,2
aac,11,2,4,5
aac,11,2,4,4
aac,11,3,4,2
aac,11,3,4,1
aad,1,1,2,5
aad,1,1,2,4
aad,1,1,3,3
aad,1,1,3,3
aad,1,1,4,4
aad,1,1,4,5
aad,1,2,3,4
aad,1,2,3,4
aad,1,2,4,5
aad,1,2,4,5
aad,1,3,4,3
aad,1,3,4,3
aad,2,1,2,5
aad,2,1,2,3
aad,2,1,3,4
aad,2,1,3,4
aad,2,1,4,0
aad,2,1,4,0
aad,2,2,3,3
aad,2,2,3,4
aad,2,2,4,0
aad,2,2,4,0
aad,2,3,4,0
aad,2,3,4,0
aad,3,1,2,5
aad,3,1,2,5
aad,3,1,3,5
aad,3,1,3,4
aad,3,1,4,5
aad,3,1,4,5
aad,3,2,3,4
aad,3,2,3,5
aad,3,2,4,4
aad,3,2,4,5
aad,3,3,4,4
aad,3,3,4,4
aad,4,1,2,3
aad,4,1,2,4
aad,4,1,3,4
aad,4,1,3,4
aad,4,1,4,4
aad,4,1,4,5
aad,4,2,3,5
aad,4,2,3,5
aad,4,2,4,4
aad,4,2,4,3
aad,4,3,4,3
aad,4,3,4,3
aad,5,1,2,5
aad,5,1,2,4
aad,5,1,3,2
aad,5,1,3,4
aad,5,1,4,0
aad,5,1,4,0
aad,5,2,3,5
aad,5,2,3,4
aad,5,2,4,0
aad,5,2,4,0
aad,5,3,4,0
aad,5,3,4,0
aad,6,1,2,5
aad,6,1,2,4
aad,6,1,3,4
aad,6,1,3,5
aad,6,1,4,4
aad,6,1,4,5
aad,6,2,3,4
aad,6,2,3,4
aad,6,2,4,5
aad,6,2,4,4
aad,6,3,4,3
aad,6,3,4,4
aad,7,1,2,5
aad,7,1,2,4
aad,7,1,3,3
aad,7,1,3,3
aad,7,1,4,5
aad,7,1,4,5
aad,7,2,3,2
aad,7,2,3,4
aad,7,2,4,5
aad,7,2,4,5
aad,7,3,4,2
aad,7,3,4,4
aad,8,1,2,4
aad,8,1,2,5
aad,8,1,3,3
aad,8,1,3,3
aad,8,1,4,5
aad,8,1,4,5
aad,8,2,3,2
aad,8,2,3,4
aad,8,2,4,4
aad,8,2,4,4
aad,8,3,4,2
aad,8,3,4,3
aad,9,1,2,4
aad,9,1,2,5
aad,9,1,3,2
aad,9,1,3,3
aad,9,1,4,4
aad,9,1,4,5
aad,9,2,3,4
aad,9,2,3,3
aad,9,2,4,5
aad,9,2,4,5
aad,9,3,4,4
aad,9,3,4,3
aad,10,1,2,2
aad,10,1,2,2
aad,10,1,3,1
aad,10,1,3,3
aad,10,1,4,2
aad,10,1,4,2
aad,10,2,3,5
aad,10,2,3,4
aad,10,2,4,4
aad,10,2,4,5
aad,10,3,4,2
aad,10,3,4,3
aad,11,1,2,4
aad,11,1,2,4
aad,11,1,3,4
aad,11,1,3,4
aad,11,1,4,2
aad,11,1,4,5
aad,11,2,3,4
aad,11,2,3,4
aad,11,2,4,5
aad,11,2,4,4
aad,11,3,4,4
aad,11,3,4,3
aae,1,1,2,5
aae,1,1,2,5
aae,1,1,3,4
aae,1,1,3,4
aae,1,1,4,5
aae,1,1,4,4
aae,1,2,3,4
aae,1,2,3,3
aae,1,2,4,3
aae,1,2,4,5
aae,1,3,4,3
aae,1,3,4,3
aae,2,1,2,5
aae,2,1,2,5
aae,2,1,3,5
aae,2,1,3,5
aae,2,1,4,0
aae,2,1,4,0
aae,2,2,3,3
aae,2,2,3,5
aae,2,2,4,0
aae,2,2,4,0
aae,2,3,4,0
aae,2,3,4,0
aae,3,1,2,5
aae,3,1,2,5
aae,3,1,3,5
aae,3,1,3,4
aae,3,1,4,5
aae,3,1,4,5
aae,3,2,3,4
aae,3,2,3,3
aae,3,2,4,5
aae,3,2,4,5
aae,3,3,4,3
aae,3,3,4,3
aae,4,1,2,5
aae,4,1,2,5
aae,4,1,3,3
aae,4,1,3,4
aae,4,1,4,4
aae,4,1,4,5
aae,4,2,3,4
aae,4,2,3,4
aae,4,2,4,5
aae,4,2,4,5
aae,4,3,4,3
aae,4,3,4,3
aae,5,1,2,5
aae,5,1,2,5
aae,5,1,3,4
aae,5,1,3,5
aae,5,1,4,0
aae,5,1,4,0
aae,5,2,3,3
aae,5,2,3,4
aae,5,2,4,0
aae,5,2,4,0
aae,5,3,4,0
aae,5,3,4,0
aae,6,1,2,5
aae,6,1,2,5
aae,6,1,3,4
aae,6,1,3,5
aae,6,1,4,4
aae,6,1,4,5
aae,6,2,3,3
aae,6,2,3,3
aae,6,2,4,5
aae,6,2,4,5
aae,6,3,4,3
aae,6,3,4,4
aae,7,1,2,5
aae,7,1,2,5
aae,7,1,3,4
aae,7,1,3,4
aae,7,1,4,5
aae,7,1,4,5
aae,7,2,3,3
aae,7,2,3,3
aae,7,2,4,5
aae,7,2,4,5
aae,7,3,4,4
aae,7,3,4,3
aae,8,1,2,5
aae,8,1,2,5
aae,8,1,3,3
aae,8,1,3,3
aae,8,1,4,5
aae,8,1,4,5
aae,8,2,3,4
aae,8,2,3,3
aae,8,2,4,5
aae,8,2,4,5
aae,8,3,4,4
aae,8,3,4,3
aae,9,1,2,5
aae,9,1,2,5
aae,9,1,3,3
aae,9,1,3,3
aae,9,1,4,5
aae,9,1,4,5
aae,9,2,3,3
aae,9,2,3,4
aae,9,2,4,5
aae,9,2,4,5
aae,9,3,4,4
aae,9,3,4,3
aae,10,1,2,3
aae,10,1,2,2
aae,10,1,3,2
aae,10,1,3,3
aae,10,1,4,3
aae,10,1,4,2
aae,10,2,3,3
aae,10,2,3,3
aae,10,2,4,4
aae,10,2,4,5
aae,10,3,4,3
aae,10,3,4,3
aae,11,1,2,5
aae,11,1,2,5
aae,11,1,3,3
aae,11,1,3,4
aae,11,1,4,5
aae,11,1,4,5
aae,11,2,3,3
aae,11,2,3,4
aae,11,2,4,5
aae,11,2,4,4
aae,11,3,4,3
aae,11,3,4,3
aaf,1,1,2,4
aaf,1,1,2,4
aaf,1,1,3,3
aaf,1,1,3,2
aaf,1,1,4,5
aaf,1,1,4,5
aaf,1,2,3,5
aaf,1,2,3,4
aaf,1,2,4,5
aaf,1,2,4,5
aaf,1,3,4,3
aaf,1,3,4,2
aaf,2,1,2,4
aaf,2,1,2,4
aaf,2,1,3,4
aaf,2,1,3,4
aaf,2,1,4,0
aaf,2,1,4,0
aaf,2,2,3,5
aaf,2,2,3,4
aaf,2,2,4,0
aaf,2,2,4,0
aaf,2,3,4,0
aaf,2,3,4,0
aaf,3,1,2,4
aaf,3,1,2,4
aaf,3,1,3,4
aaf,3,1,3,3
aaf,3,1,4,5
aaf,3,1,4,4
aaf,3,2,3,4
aaf,3,2,3,4
aaf,3,2,4,5
aaf,3,2,4,4
aaf,3,3,4,3
aaf,3,3,4,3
aaf,4,1,2,4
aaf,4,1,2,3
aaf,4,1,3,2
aaf,4,1,3,2
aaf,4,1,4,4
aaf,4,1,4,4
aaf,4,2,3,3
aaf,4,2,3,2
aaf,4,2,4,4
aaf,4,2,4,3
aaf,4,3,4,3
aaf,4,3,4,3
aaf,5,1,2,5
aaf,5,1,2,4
aaf,5,1,3,4
aaf,5,1,3,3
aaf,5,1,4,0
aaf,5,1,4,0
aaf,5,2,3,4
aaf,5,2,3,3
aaf,5,2,4,0
aaf,5,2,4,0
aaf,5,3,4,0
aaf,5,3,4,0
aaf,6,1,2,4
aaf,6,1,2,4
aaf,6,1,3,3
aaf,6,1,3,3
aaf,6,1,4,5
aaf,6,1,4,5
aaf,6,2,3,4
aaf,6,2,3,5
aaf,6,2,4,5
aaf,6,2,4,5
aaf,6,3,4,3
aaf,6,3,4,4
aaf,7,1,2,5
aaf,7,1,2,4
aaf,7,1,3,3
aaf,7,1,3,2
aaf,7,1,4,5
aaf,7,1,4,5
aaf,7,2,3,3
aaf,7,2,3,2
aaf,7,2,4,5
aaf,7,2,4,5
aaf,7,3,4,3
aaf,7,3,4,2
aaf,8,1,2,4
aaf,8,1,2,4
aaf,8,1,3,4
aaf,8,1,3,4
aaf,8,1,4,4
aaf,8,1,4,4
aaf,8,2,3,4
aaf,8,2,3,4
aaf,8,2,4,5
aaf,8,2,4,4
aaf,8,3,4,4
aaf,8,3,4,3
aaf,9,1,2,4
aaf,9,1,2,5
aaf,9,1,3,4
aaf,9,1,3,4
aaf,9,1,4,4
aaf,9,1,4,4
aaf,9,2,3,5
aaf,9,2,3,5
aaf,9,2,4,4
aaf,9,2,4,5
aaf,9,3,4,3
aaf,9,3,4,4
aaf,10,1,2,2
aaf,10,1,2,1
aaf,10,1,3,2
aaf,10,1,3,1
aaf,10,1,4,2
aaf,10,1,4,1
aaf,10,2,3,4
aaf,10,2,3,4
aaf,10,2,4,4
aaf,10,2,4,5
aaf,10,3,4,3
aaf,10,3,4,3
aaf,11,1,2,4
aaf,11,1,2,3
aaf,11,1,3,3
aaf,11,1,3,3
aaf,11,1,4,4
aaf,11,1,4,4
aaf,11,2,3,3
aaf,11,2,3,2
aaf,11,2,4,4
aaf,11,2,4,4
aaf,11,3,4,3
aaf,11,3,4,2
aag,1,1,2,5
aag,1,1,2,4
aag,1,1,3,1
aag,1,1,3,2
aag,1,1,4,3
aag,1,1,4,4
aag,1,2,3,1
aag,1,2,3,1
aag,1,2,4,5
aag,1,2,4,5
aag,1,3,4,2
aag,1,3,4,2
aag,2,1,2,5
aag,2,1,2,5
aag,2,1,3,4
aag,2,1,3,3
aag,2,1,4,0
aag,2,1,4,0
aag,2,2,3,3
aag,2,2,3,2
aag,2,2,4,0
aag,2,2,4,0
aag,2,3,4,0
aag,2,3,4,0
aag,3,1,2,5
aag,3,1,2,5
aag,3,1,3,2
aag,3,1,3,1
aag,3,1,4,4
aag,3,1,4,5
aag,3,2,3,1
aag,3,2,3,2
aag,3,2,4,5
aag,3,2,4,5
aag,3,3,4,3
aag,3,3,4,1
aag,4,1,2,5
aag,4,1,2,4
aag,4,1,3,1
aag,4,1,3,1
aag,4,1,4,2
aag,4,1,4,2
aag,4,2,3,2
aag,4,2,3,1
aag,4,2,4,4
aag,4,2,4,5
aag,4,3,4,1
aag,4,3,4,2
aag,5,1,2,5
aag,5,1,2,5
aag,5,1,3,3
aag,5,1,3,3
aag,5,1,4,0
aag,5,1,4,0
aag,5,2,3,4
aag,5,2,3,4
aag,5,2,4,0
aag,5,2,4,0
aag,5,3,4,0
aag,5,3,4,0
aag,6,1,2,5
aag,6,1,2,1
aag,6,1,3,4
aag,6,1,3,4
aag,6,1,4,5
aag,6,1,4,5
aag,6,2,3,4
aag,6,2,3,3
aag,6,2,4,5
aag,6,2,4,5
aag,6,3,4,3
aag,6,3,4,3
aag,7,1,2,5
aag,7,1,2,5
aag,7,1,3,1
aag,7,1,3,1
aag,7,1,4,2
aag,7,1,4,1
aag,7,2,3,1
aag,7,2,3,1
aag,7,2,4,5
aag,7,2,4,3
aag,7,3,4,1
aag,7,3,4,1
aag,8,1,2,5
aag,8,1,2,5
aag,8,1,3,2
aag,8,1,3,3
aag,8,1,4,4
aag,8,1,4,2
aag,8,2,3,3
aag,8,2,3,3
aag,8,2,4,4
aag,8,2,4,5
aag,8,3,4,3
aag,8,3,4,3
aag,9,1,2,5
aag,9,1,2,5
aag,9,1,3,4
aag,9,1,3,3
aag,9,1,4,5
aag,9,1,4,4
aag,9,2,3,4
aag,9,2,3,3
aag,9,2,4,4
aag,9,2,4,5
aag,9,3,4,4
aag,9,3,4,4
aag,10,1,2,1
aag,10,1,2,1
aag,10,1,3,1
aag,10,1,3,1
aag,10,1,4,1
aag,10,1,4,1
aag,10,2,3,1
aag,10,2,3,2
aag,10,2,4,5
aag,10,2,4,4
aag,10,3,4,2
aag,10,3,4,3
aag,11,1,2,4
aag,11,1,2,4
aag,11,1,3,1
aag,11,1,3,2
aag,11,1,4,5
aag,11,1,4,3
aag,11,2,3,1
aag,11,2,3,2
aag,11,2,4,5
aag,11,2,4,5
aag,11,3,4,2
aag,11,3,4,2
aaj,1,1,2,5
aaj,1,1,2,5
aaj,1,1,3,4
aaj,1,1,3,3
aaj,1,1,4,5
aaj,1,1,4,5
aaj,1,2,3,3
aaj,1,2,3,4
aaj,1,2,4,5
aaj,1,2,4,5
aaj,1,3,4,4
aaj,1,3,4,3
aaj,2,1,2,5
aaj,2,1,2,4
aaj,2,1,3,4
aaj,2,1,3,5
aaj,2,1,4,0
aaj,2,1,4,0
aaj,2,2,3,4
aaj,2,2,3,4
aaj,2,2,4,0
aaj,2,2,4,0
aaj,2,3,4,0
aaj,2,3,4,0
aaj,3,1,2,4
aaj,3,1,2,4
aaj,3,1,3,2
aaj,3,1,3,2
aaj,3,1,4,4
aaj,3,1,4,3
aaj,3,2,3,2
aaj,3,2,3,2
aaj,3,2,4,5
aaj,3,2,4,4
aaj,3,3,4,2
aaj,3,3,4,2
aaj,4,1,2,5
aaj,4,1,2,5
aaj,4,1,3,4
aaj,4,1,3,4
aaj,4,1,4,5
aaj,4,1,4,3
aaj,4,2,3,3
aaj,4,2,3,3
aaj,4,2,4,5
aaj,4,2,4,3
aaj,4,3,4,3
aaj,4,3,4,2
aaj,5,1,2,4
aaj,5,1,2,5
aaj,5,1,3,4
aaj,5,1,3,2
aaj,5,1,4,0
aaj,5,1,4,0
aaj,5,2,3,2
aaj,5,2,3,2
aaj,5,2,4,0
aaj,5,2,4,0
aaj,5,3,4,0
aaj,5,3,4,0
aaj,6,1,2,5
aaj,6,1,2,4
aaj,6,1,3,3
aaj,6,1,3,4
aaj,6,1,4,5
aaj,6,1,4,4
aaj,6,2,3,4
aaj,6,2,3,3
aaj,6,2,4,4
aaj,6,2,4,4
aaj,6,3,4,4
aaj,6,3,4,3
aaj,7,1,2,5
aaj,7,1,2,5
aaj,7,1,3,3
aaj,7,1,3,1
aaj,7,1,4,4
aaj,7,1,4,4
aaj,7,2,3,3
aaj,7,2,3,2
aaj,7,2,4,5
aaj,7,2,4,4
aaj,7,3,4,3
aaj,7,3,4,2
aaj,8,1,2,4
aaj,8,1,2,4
aaj,8,1,3,4
aaj,8,1,3,3
aaj,8,1,4,5
aaj,8,1,4,4
aaj,8,2,3,3
aaj,8,2,3,2
aaj,8,2,4,5
aaj,8,2,4,4
aaj,8,3,4,2
aaj,8,3,4,2
aaj,9,1,2,3
aaj,9,1,2,4
aaj,9,1,3,1
aaj,9,1,3,1
aaj,9,1,4,4
aaj,9,1,4,4
aaj,9,2,3,3
aaj,9,2,3,1
aaj,9,2,4,4
aaj,9,2,4,3
aaj,9,3,4,2
aaj,9,3,4,2
aaj,10,1,2,3
aaj,10,1,2,1
aaj,10,1,3,2
aaj,10,1,3,1
aaj,10,1,4,1
aaj,10,1,4,1
aaj,10,2,3,4
aaj,10,2,3,4
aaj,10,2,4,5
aaj,10,2,4,5
aaj,10,3,4,3
aaj,10,3,4,2
aaj,11,1,2,5
aaj,11,1,2,5
aaj,11,1,3,3
aaj,11,1,3,3
aaj,11,1,4,4
aaj,11,1,4,5
aaj,11,2,3,4
aaj,11,2,3,4
aaj,11,2,4,5
aaj,11,2,4,4
aaj,11,3,4,3
aaj,11,3,4,1
aak,1,1,2,5
aak,1,1,2,4
aak,1,1,3,2
aak,1,1,3,2
aak,1,1,4,3
aak,1,1,4,4
aak,1,2,3,2
aak,1,2,3,2
aak,1,2,4,4
aak,1,2,4,5
aak,1,3,4,3
aak,1,3,4,2
aak,2,1,2,4
aak,2,1,2,5
aak,2,1,3,3
aak,2,1,3,4
aak,2,1,4,0
aak,2,1,4,0
aak,2,2,3,5
aak,2,2,3,3
aak,2,2,4,0
aak,2,2,4,0
aak,2,3,4,0
aak,2,3,4,0
aak,3,1,2,5
aak,3,1,2,5
aak,3,1,3,1
aak,3,1,3,2
aak,3,1,4,5
aak,3,1,4,5
aak,3,2,3,1
aak,3,2,3,3
aak,3,2,4,5
aak,3,2,4,5
aak,3,3,4,2
aak,3,3,4,1
aak,4,1,2,3
aak,4,1,2,4
aak,4,1,3,2
aak,4,1,3,2
aak,4,1,4,2
aak,4,1,4,3
aak,4,2,3,2
aak,4,2,3,2
aak,4,2,4,2
aak,4,2,4,2
aak,4,3,4,2
aak,4,3,4,1
aak,5,1,2,3
aak,5,1,2,5
aak,5,1,3,4
aak,5,1,3,3
aak,5,1,4,0
aak,5,1,4,0
aak,5,2,3,2
aak,5,2,3,3
aak,5,2,4,0
aak,5,2,4,0
aak,5,3,4,0
aak,5,3,4,0
aak,6,1,2,3
aak,6,1,2,3
aak,6,1,3,2
aak,6,1,3,3
aak,6,1,4,4
aak,6,1,4,4
aak,6,2,3,2
aak,6,2,3,3
aak,6,2,4,4
aak,6,2,4,3
aak,6,3,4,2
aak,6,3,4,4
aak,7,1,2,4
aak,7,1,2,4
aak,7,1,3,1
aak,7,1,3,2
aak,7,1,4,4
aak,7,1,4,4
aak,7,2,3,2
aak,7,2,3,1
aak,7,2,4,3
aak,7,2,4,4
aak,7,3,4,2
aak,7,3,4,3
aak,8,1,2,5
aak,8,1,2,5
aak,8,1,3,4
aak,8,1,3,2
aak,8,1,4,4
aak,8,1,4,5
aak,8,2,3,4
aak,8,2,3,3
aak,8,2,4,4
aak,8,2,4,4
aak,8,3,4,4
aak,8,3,4,3
aak,9,1,2,4
aak,9,1,2,4
aak,9,1,3,3
aak,9,1,3,4
aak,9,1,4,3
aak,9,1,4,4
aak,9,2,3,3
aak,9,2,3,4
aak,9,2,4,4
aak,9,2,4,4
aak,9,3,4,2
aak,9,3,4,2
aak,10,1,2,1
aak,10,1,2,1
aak,10,1,3,1
aak,10,1,3,1
aak,10,1,4,1
aak,10,1,4,1
aak,10,2,3,1
aak,10,2,3,2
aak,10,2,4,3
aak,10,2,4,2
aak,10,3,4,1
aak,10,3,4,1
aak,11,1,2,3
aak,11,1,2,3
aak,11,1,3,1
aak,11,1,3,2
aak,11,1,4,4
aak,11,1,4,5
aak,11,2,3,1
aak,11,2,3,2
aak,11,2,4,3
aak,11,2,4,3
aak,11,3,4,1
aak,11,3,4,1
aal,1,1,2,5
aal,1,1,2,5
aal,1,1,3,2
aal,1,1,3,1
aal,1,1,4,3
aal,1,1,4,4
aal,1,2,3,2
aal,1,2,3,2
aal,1,2,4,2
aal,1,2,4,5
aal,1,3,4,1
aal,1,3,4,1
aal,2,1,2,4
aal,2,1,2,5
aal,2,1,3,5
aal,2,1,3,2
aal,2,1,4,0
aal,2,1,4,0
aal,2,2,3,4
aal,2,2,3,4
aal,2,2,4,0
aal,2,2,4,0
aal,2,3,4,0
aal,2,3,4,0
aal,3,1,2,4
aal,3,1,2,5
aal,3,1,3,3
aal,3,1,3,5
aal,3,1,4,4
aal,3,1,4,4
aal,3,2,3,3
aal,3,2,3,2
aal,3,2,4,5
aal,3,2,4,4
aal,3,3,4,4
aal,3,3,4,3
aal,4,1,2,5
aal,4,1,2,5
aal,4,1,3,3
aal,4,1,3,4
aal,4,1,4,5
aal,4,1,4,4
aal,4,2,3,4
aal,4,2,3,3
aal,4,2,4,4
aal,4,2,4,5
aal,4,3,4,3
aal,4,3,4,2
aal,5,1,2,2
aal,5,1,2,3
aal,5,1,3,1
aal,5,1,3,2
aal,5,1,4,0
aal,5,1,4,0
aal,5,2,3,4
aal,5,2,3,2
aal,5,2,4,0
aal,5,2,4,0
aal,5,3,4,0
aal,5,3,4,0
aal,6,1,2,4
aal,6,1,2,5
aal,6,1,3,5
aal,6,1,3,4
aal,6,1,4,4
aal,6,1,4,4
aal,6,2,3,5
aal,6,2,3,3
aal,6,2,4,4
aal,6,2,4,5
aal,6,3,4,3
aal,6,3,4,3
aal,7,1,2,3
aal,7,1,2,5
aal,7,1,3,1
aal,7,1,3,1
aal,7,1,4,2
aal,7,1,4,4
aal,7,2,3,1
aal,7,2,3,1
aal,7,2,4,5
aal,7,2,4,4
aal,7,3,4,1
aal,7,3,4,1
aal,8,1,2,5
aal,8,1,2,4
aal,8,1,3,3
aal,8,1,3,4
aal,8,1,4,4
aal,8,1,4,4
aal,8,2,3,1
aal,8,2,3,4
aal,8,2,4,5
aal,8,2,4,4
aal,8,3,4,2
aal,8,3,4,1
aal,9,1,2,5
aal,9,1,2,5
aal,9,1,3,1
aal,9,1,3,3
aal,9,1,4,3
aal,9,1,4,4
aal,9,2,3,1
aal,9,2,3,1
aal,9,2,4,4
aal,9,2,4,5
aal,9,3,4,1
aal,9,3,4,1
aal,10,1,2,1
aal,10,1,2,1
aal,10,1,3,1
aal,10,1,3,1
aal,10,1,4,1
aal,10,1,4,1
aal,10,2,3,4
aal,10,2,3,3
aal,10,2,4,4
aal,10,2,4,5
aal,10,3,4,1
aal,10,3,4,1
aal,11,1,2,5
aal,11,1,2,5
aal,11,1,3,3
aal,11,1,3,4
aal,11,1,4,3
aal,11,1,4,4
aal,11,2,3,2
aal,11,2,3,4
aal,11,2,4,5
aal,11,2,4,3
aal,11,3,4,4
aal,11,3,4,2
aan,1,1,2,3
aan,1,1,2,4
aan,1,1,3,1
aan,1,1,3,1
aan,1,1,4,3
aan,1,1,4,4
aan,1,2,3,1
aan,1,2,3,1
aan,1,2,4,3
aan,1,2,4,4
aan,1,3,4,1
aan,1,3,4,1
aan,2,1,2,2
aan,2,1,2,5
aan,2,1,3,2
aan,2,1,3,2
aan,2,1,4,0
aan,2,1,4,0
aan,2,2,3,1
aan,2,2,3,2
aan,2,2,4,0
aan,2,2,4,0
aan,2,3,4,0
aan,2,3,4,0
aan,3,1,2,5
aan,3,1,2,4
aan,3,1,3,2
aan,3,1,3,2
aan,3,1,4,4
aan,3,1,4,5
aan,3,2,3,2
aan,3,2,3,2
aan,3,2,4,3
aan,3,2,4,5
aan,3,3,4,2
aan,3,3,4,2
aan,4,1,2,4
aan,4,1,2,3
aan,4,1,3,2
aan,4,1,3,2
aan,4,1,4,3
aan,4,1,4,2
aan,4,2,3,2
aan,4,2,3,2
aan,4,2,4,3
aan,4,2,4,3
aan,4,3,4,1
aan,4,3,4,2
aan,5,1,2,2
aan,5,1,2,4
aan,5,1,3,2
aan,5,1,3,1
aan,5,1,4,0
aan,5,1,4,0
aan,5,2,3,1
aan,5,2,3,2
aan,5,2,4,0
aan,5,2,4,0
aan,5,3,4,0
aan,5,3,4,0
aan,6,1,2,5
aan,6,1,2,4
aan,6,1,3,1
aan,6,1,3,2
aan,6,1,4,3
aan,6,1,4,3
aan,6,2,3,2
aan,6,2,3,1
aan,6,2,4,4
aan,6,2,4,4
aan,6,3,4,1
aan,6,3,4,2
aan,7,1,2,4
aan,7,1,2,5
aan,7,1,3,1
aan,7,1,3,1
aan,7,1,4,3
aan,7,1,4,4
aan,7,2,3,2
aan,7,2,3,1
aan,7,2,4,2
aan,7,2,4,3
aan,7,3,4,2
aan,7,3,4,1
aan,8,1,2,3
aan,8,1,2,4
aan,8,1,3,2
aan,8,1,3,1
aan,8,1,4,3
aan,8,1,4,3
aan,8,2,3,2
aan,8,2,3,1
aan,8,2,4,4
aan,8,2,4,4
aan,8,3,4,2
aan,8,3,4,1
aan,9,1,2,4
aan,9,1,2,3
aan,9,1,3,2
aan,9,1,3,1
aan,9,1,4,3
aan,9,1,4,4
aan,9,2,3,1
aan,9,2,3,1
aan,9,2,4,3
aan,9,2,4,4
aan,9,3,4,1
aan,9,3,4,1
aan,10,1,2,1
aan,10,1,2,1
aan,10,1,3,1
aan,10,1,3,1
aan,10,1,4,1
aan,10,1,4,1
aan,10,2,3,1
aan,10,2,3,1
aan,10,2,4,4
aan,10,2,4,3
aan,10,3,4,1
aan,10,3,4,1
aan,11,1,2,4
aan,11,1,2,4
aan,11,1,3,2
aan,11,1,3,2
aan,11,1,4,2
aan,11,1,4,3
aan,11,2,3,2
aan,11,2,3,1
aan,11,2,4,3
aan,11,2,4,3
aan,11,3,4,1
aan,11,3,4,1
aao,1,1,2,3
aao,1,1,2,5
aao,1,1,3,4
aao,1,1,3,3
aao,1,1,4,4
aao,1,1,4,4
aao,1,2,3,3
aao,1,2,3,3
aao,1,2,4,3
aao,1,2,4,4
aao,1,3,4,4
aao,1,3,4,3
aao,2,1,2,5
aao,2,1,2,5
aao,2,1,3,4
aao,2,1,3,4
aao,2,1,4,0
aao,2,1,4,0
aao,2,2,3,4
aao,2,2,3,4
aao,2,2,4,0
aao,2,2,4,0
aao,2,3,4,0
aao,2,3,4,0
aao,3,1,2,4
aao,3,1,2,4
aao,3,1,3,3
aao,3,1,3,3
aao,3,1,4,4
aao,3,1,4,5
aao,3,2,3,3
aao,3,2,3,2
aao,3,2,4,4
aao,3,2,4,4
aao,3,3,4,4
aao,3,3,4,2
aao,4,1,2,5
aao,4,1,2,5
aao,4,1,3,4
aao,4,1,3,4
aao,4,1,4,4
aao,4,1,4,4
aao,4,2,3,4
aao,4,2,3,3
aao,4,2,4,5
aao,4,2,4,4
aao,4,3,4,4
aao,4,3,4,4
aao,5,1,2,4
aao,5,1,2,5
aao,5,1,3,3
aao,5,1,3,3
aao,5,1,4,0
aao,5,1,4,0
aao,5,2,3,3
aao,5,2,3,3
aao,5,2,4,0
aao,5,2,4,0
aao,5,3,4,0
aao,5,3,4,0
aao,6,1,2,3
aao,6,1,2,4
aao,6,1,3,4
aao,6,1,3,4
aao,6,1,4,4
aao,6,1,4,4
aao,6,2,3,4
aao,6,2,3,3
aao,6,2,4,4
aao,6,2,4,5
aao,6,3,4,4
aao,6,3,4,3
aao,7,1,2,3
aao,7,1,2,4
aao,7,1,3,4
aao,7,1,3,4
aao,7,1,4,5
aao,7,1,4,4
aao,7,2,3,4
aao,7,2,3,3
aao,7,2,4,4
aao,7,2,4,5
aao,7,3,4,3
aao,7,3,4,3
aao,8,1,2,5
aao,8,1,2,4
aao,8,1,3,3
aao,8,1,3,3
aao,8,1,4,4
aao,8,1,4,4
aao,8,2,3,3
aao,8,2,3,3
aao,8,2,4,4
aao,8,2,4,5
aao,8,3,4,4
aao,8,3,4,3
aao,9,1,2,5
aao,9,1,2,5
aao,9,1,3,3
aao,9,1,3,2
aao,9,1,4,4
aao,9,1,4,3
aao,9,2,3,3
aao,9,2,3,3
aao,9,2,4,4
aao,9,2,4,3
aao,9,3,4,3
aao,9,3,4,3
aao,10,1,2,2
aao,10,1,2,2
aao,10,1,3,2
aao,10,1,3,1
aao,10,1,4,1
aao,10,1,4,2
aao,10,2,3,3
aao,10,2,3,2
aao,10,2,4,4
aao,10,2,4,3
aao,10,3,4,3
aao,10,3,4,3
aao,11,1,2,4
aao,11,1,2,4
aao,11,1,3,3
aao,11,1,3,3
aao,11,1,4,4
aao,11,1,4,4
aao,11,2,3,3
aao,11,2,3,3
aao,11,2,4,4
aao,11,2,4,5
aao,11,3,4,4
aao,11,3,4,3
aap,1,1,2,5
aap,1,1,2,5
aap,1,1,3,3
aap,1,1,3,3
aap,1,1,4,5
aap,1,1,4,5
aap,1,2,3,3
aap,1,2,3,3
aap,1,2,4,5
aap,1,2,4,4
aap,1,3,4,2
aap,1,3,4,3
aap,2,1,2,5
aap,2,1,2,4
aap,2,1,3,4
aap,2,1,3,3
aap,2,1,4,0
aap,2,1,4,0
aap,2,2,3,2
aap,2,2,3,3
aap,2,2,4,0
aap,2,2,4,0
aap,2,3,4,0
aap,2,3,4,0
aap,3,1,2,5
aap,3,1,2,5
aap,3,1,3,2
aap,3,1,3,4
aap,3,1,4,5
aap,3,1,4,5
aap,3,2,3,4
aap,3,2,3,3
aap,3,2,4,5
aap,3,2,4,5
aap,3,3,4,4
aap,3,3,4,3
aap,4,1,2,5
aap,4,1,2,4
aap,4,1,3,5
aap,4,1,3,3
aap,4,1,4,3
aap,4,1,4,5
aap,4,2,3,3
aap,4,2,3,2
aap,4,2,4,4
aap,4,2,4,4
aap,4,3,4,2
aap,4,3,4,3
aap,5,1,2,5
aap,5,1,2,5
aap,5,1,3,5
aap,5,1,3,1
aap,5,1,4,0
aap,5,1,4,0
aap,5,2,3,4
aap,5,2,3,3
aap,5,2,4,0
aap,5,2,4,0
aap,5,3,4,0
aap,5,3,4,0
aap,6,1,2,5
aap,6,1,2,5
aap,6,1,3,4
aap,6,1,3,4
aap,6,1,4,4
aap,6,1,4,5
aap,6,2,3,5
aap,6,2,3,4
aap,6,2,4,5
aap,6,2,4,5
aap,6,3,4,3
aap,6,3,4,4
aap,7,1,2,5
aap,7,1,2,5
aap,7,1,3,3
aap,7,1,3,3
aap,7,1,4,5
aap,7,1,4,5
aap,7,2,3,3
aap,7,2,3,2
aap,7,2,4,5
aap,7,2,4,5
aap,7,3,4,2
aap,7,3,4,1
aap,8,1,2,4
aap,8,1,2,3
aap,8,1,3,4
aap,8,1,3,2
aap,8,1,4,5
aap,8,1,4,4
aap,8,2,3,5
aap,8,2,3,2
aap,8,2,4,5
aap,8,2,4,4
aap,8,3,4,2
aap,8,3,4,2
aap,9,1,2,5
aap,9,1,2,5
aap,9,1,3,3
aap,9,1,3,3
aap,9,1,4,5
aap,9,1,4,5
aap,9,2,3,4
aap,9,2,3,2
aap,9,2,4,5
aap,9,2,4,4
aap,9,3,4,3
aap,9,3,4,2
aap,10,1,2,1
aap,10,1,2,1
aap,10,1,3,1
aap,10,1,3,3
aap,10,1,4,3
aap,10,1,4,1
aap,10,2,3,4
aap,10,2,3,2
aap,10,2,4,5
aap,10,2,4,4
aap,10,3,4,4
aap,10,3,4,3
aap,11,1,2,5
aap,11,1,2,3
aap,11,1,3,5
aap,11,1,3,4
aap,11,1,4,5
aap,11,1,4,5
aap,11,2,3,3
aap,11,2,3,2
aap,11,2,4,5
aap,11,2,4,5
aap,11,3,4,1
aap,11,3,4,2
aaq,1,1,2,2
aaq,1,1,2,5
aaq,1,1,3,3
aaq,1,1,3,3
aaq,1,1,4,5
aaq,1,1,4,5
aaq,1,2,3,3
aaq,1,2,3,2
aaq,1,2,4,3
aaq,1,2,4,3
aaq,1,3,4,5
aaq,1,3,4,4
aaq,2,1,2,3
aaq,2,1,2,4
aaq,2,1,3,3
aaq,2,1,3,2
aaq,2,1,4,0
aaq,2,1,4,0
aaq,2,2,3,4
aaq,2,2,3,3
aaq,2,2,4,0
aaq,2,2,4,0
aaq,2,3,4,0
aaq,2,3,4,0
aaq,3,1,2,4
aaq,3,1,2,5
aaq,3,1,3,2
aaq,3,1,3,2
aaq,3,1,4,4
aaq,3,1,4,4
aaq,3,2,3,4
aaq,3,2,3,3
aaq,3,2,4,3
aaq,3,2,4,3
aaq,3,3,4,2
aaq,3,3,4,2
aaq,4,1,2,4
aaq,4,1,2,5
aaq,4,1,3,3
aaq,4,1,3,3
aaq,4,1,4,4
aaq,4,1,4,5
aaq,4,2,3,5
aaq,4,2,3,3
aaq,4,2,4,5
aaq,4,2,4,5
aaq,4,3,4,2
aaq,4,3,4,3
aaq,5,1,2,3
aaq,5,1,2,3
aaq,5,1,3,3
aaq,5,1,3,2
aaq,5,1,4,0
aaq,5,1,4,0
aaq,5,2,3,3
aaq,5,2,3,2
aaq,5,2,4,0
aaq,5,2,4,0
aaq,5,3,4,0
aaq,5,3,4,0
aaq,6,1,2,3
aaq,6,1,2,3
aaq,6,1,3,3
aaq,6,1,3,3
aaq,6,1,4,4
aaq,6,1,4,3
aaq,6,2,3,3
aaq,6,2,3,2
aaq,6,2,4,4
aaq,6,2,4,5
aaq,6,3,4,4
aaq,6,3,4,4
aaq,7,1,2,4
aaq,7,1,2,4
aaq,7,1,3,3
aaq,7,1,3,2
aaq,7,1,4,5
aaq,7,1,4,4
aaq,7,2,3,3
aaq,7,2,3,4
aaq,7,2,4,4
aaq,7,2,4,4
aaq,7,3,4,3
aaq,7,3,4,4
aaq,8,1,2,5
aaq,8,1,2,4
aaq,8,1,3,3
aaq,8,1,3,4
aaq,8,1,4,4
aaq,8,1,4,5
aaq,8,2,3,3
aaq,8,2,3,3
aaq,8,2,4,4
aaq,8,2,4,4
aaq,8,3,4,4
aaq,8,3,4,2
aaq,9,1,2,5
aaq,9,1,2,4
aaq,9,1,3,4
aaq,9,1,3,3
aaq,9,1,4,5
aaq,9,1,4,4
aaq,9,2,3,2
aaq,9,2,3,3
aaq,9,2,4,3
aaq,9,2,4,4
aaq,9,3,4,3
aaq,9,3,4,2
aaq,10,1,2,2
aaq,10,1,2,2
aaq,10,1,3,2
aaq,10,1,3,2
aaq,10,1,4,2
aaq,10,1,4,2
aaq,10,2,3,4
aaq,10,2,3,3
aaq,10,2,4,5
aaq,10,2,4,4
aaq,10,3,4,4
aaq,10,3,4,4
aaq,11,1,2,5
aaq,11,1,2,5
aaq,11,1,3,4
aaq,11,1,3,2
aaq,11,1,4,5
aaq,11,1,4,4
aaq,11,2,3,5
aaq,11,2,3,2
aaq,11,2,4,5
aaq,11,2,4,5
aaq,11,3,4,2
aaq,11,3,4,3
aar,1,1,2,5
aar,1,1,2,5
aar,1,1,3,2
aar,1,1,3,2
aar,1,1,4,4
aar,1,1,4,4
aar,1,2,3,2
aar,1,2,3,2
aar,1,2,4,4
aar,1,2,4,5
aar,1,3,4,2
aar,1,3,4,2
aar,2,1,2,5
aar,2,1,2,4
aar,2,1,3,2
aar,2,1,3,3
aar,2,1,4,0
aar,2,1,4,0
aar,2,2,3,3
aar,2,2,3,2
aar,2,2,4,0
aar,2,2,4,0
aar,2,3,4,0
aar,2,3,4,0
aar,3,1,2,5
aar,3,1,2,5
aar,3,1,3,2
aar,3,1,3,2
aar,3,1,4,3
aar,3,1,4,5
aar,3,2,3,2
aar,3,2,3,2
aar,3,2,4,5
aar,3,2,4,5
aar,3,3,4,3
aar,3,3,4,2
aar,4,1,2,5
aar,4,1,2,5
aar,4,1,3,2
aar,4,1,3,3
aar,4,1,4,3
aar,4,1,4,5
aar,4,2,3,2
aar,4,2,3,4
aar,4,2,4,3
aar,4,2,4,5
aar,4,3,4,3
aar,4,3,4,3
aar,5,1,2,4
aar,5,1,2,5
aar,5,1,3,2
aar,5,1,3,2
aar,5,1,4,0
aar,5,1,4,0
aar,5,2,3,2
aar,5,2,3,2
aar,5,2,4,0
aar,5,2,4,0
aar,5,3,4,0
aar,5,3,4,0
aar,6,1,2,4
aar,6,1,2,5
aar,6,1,3,2
aar,6,1,3,2
aar,6,1,4,4
aar,6,1,4,3
aar,6,2,3,2
aar,6,2,3,2
aar,6,2,4,4
aar,6,2,4,5
aar,6,3,4,2
aar,6,3,4,2
aar,7,1,2,5
aar,7,1,2,5
aar,7,1,3,2
aar,7,1,3,2
aar,7,1,4,5
aar,7,1,4,4
aar,7,2,3,2
aar,7,2,3,1
aar,7,2,4,4
aar,7,2,4,5
aar,7,3,4,2
aar,7,3,4,2
aar,8,1,2,4
aar,8,1,2,5
aar,8,1,3,2
aar,8,1,3,3
aar,8,1,4,5
aar,8,1,4,5
aar,8,2,3,2
aar,8,2,3,3
aar,8,2,4,5
aar,8,2,4,5
aar,8,3,4,2
aar,8,3,4,2
aar,9,1,2,5
aar,9,1,2,5
aar,9,1,3,2
aar,9,1,3,2
aar,9,1,4,5
aar,9,1,4,5
aar,9,2,3,2
aar,9,2,3,2
aar,9,2,4,5
aar,9,2,4,5
aar,9,3,4,2
aar,9,3,4,3
aar,10,1,2,2
aar,10,1,2,2
aar,10,1,3,3
aar,10,1,3,2
aar,10,1,4,4
aar,10,1,4,3
aar,10,2,3,2
aar,10,2,3,2
aar,10,2,4,5
aar,10,2,4,5
aar,10,3,4,3
aar,10,3,4,2
aar,11,1,2,4
aar,11,1,2,5
aar,11,1,3,3
aar,11,1,3,3
aar,11,1,4,5
aar,11,1,4,5
aar,11,2,3,2
aar,11,2,3,2
aar,11,2,4,5
aar,11,2,4,4
aar,11,3,4,2
aar,11,3,4,4
aas,1,1,2,4
aas,1,1,2,5
aas,1,1,3,3
aas,1,1,3,4
aas,1,1,4,3
aas,1,1,4,2
aas,1,2,3,2
aas,1,2,3,4
aas,1,2,4,4
aas,1,2,4,4
aas,1,3,4,3
aas,1,3,4,4
aas,2,1,2,5
aas,2,1,2,4
aas,2,1,3,5
aas,2,1,3,2
aas,2,1,4,0
aas,2,1,4,0
aas,2,2,3,4
aas,2,2,3,4
aas,2,2,4,0
aas,2,2,4,0
aas,2,3,4,0
aas,2,3,4,0
aas,3,1,2,5
aas,3,1,2,5
aas,3,1,3,2
aas,3,1,3,2
aas,3,1,4,5
aas,3,1,4,5
aas,3,2,3,2
aas,3,2,3,2
aas,3,2,4,5
aas,3,2,4,4
aas,3,3,4,3
aas,3,3,4,2
aas,4,1,2,2
aas,4,1,2,4
aas,4,1,3,4
aas,4,1,3,4
aas,4,1,4,3
aas,4,1,4,3
aas,4,2,3,4
aas,4,2,3,3
aas,4,2,4,3
aas,4,2,4,3
aas,4,3,4,3
aas,4,3,4,2
aas,5,1,2,3
aas,5,1,2,5
aas,5,1,3,3
aas,5,1,3,3
aas,5,1,4,0
aas,5,1,4,0
aas,5,2,3,2
aas,5,2,3,2
aas,5,2,4,0
aas,5,2,4,0
aas,5,3,4,0
aas,5,3,4,0
aas,6,1,2,3
aas,6,1,2,3
aas,6,1,3,4
aas,6,1,3,4
aas,6,1,4,3
aas,6,1,4,3
aas,6,2,3,3
aas,6,2,3,3
aas,6,2,4,3
aas,6,2,4,3
aas,6,3,4,3
aas,6,3,4,3
aas,7,1,2,3
aas,7,1,2,3
aas,7,1,3,4
aas,7,1,3,2
aas,7,1,4,5
aas,7,1,4,3
aas,7,2,3,2
aas,7,2,3,3
aas,7,2,4,5
aas,7,2,4,4
aas,7,3,4,2
aas,7,3,4,3
aas,8,1,2,4
aas,8,1,2,3
aas,8,1,3,3
aas,8,1,3,2
aas,8,1,4,4
aas,8,1,4,3
aas,8,2,3,4
aas,8,2,3,3
aas,8,2,4,4
aas,8,2,4,3
aas,8,3,4,2
aas,8,3,4,2
aas,9,1,2,5
aas,9,1,2,5
aas,9,1,3,2
aas,9,1,3,2
aas,9,1,4,5
aas,9,1,4,3
aas,9,2,3,2
aas,9,2,3,2
aas,9,2,4,5
aas,9,2,4,4
aas,9,3,4,2
aas,9,3,4,2
aas,10,1,2,1
aas,10,1,2,2
aas,10,1,3,2
aas,10,1,3,2
aas,10,1,4,1
aas,10,1,4,2
aas,10,2,3,4
aas,10,2,3,3
aas,10,2,4,4
aas,10,2,4,5
aas,10,3,4,2
aas,10,3,4,2
aas,11,1,2,5
aas,11,1,2,4
aas,11,1,3,5
aas,11,1,3,2
aas,11,1,4,4
aas,11,1,4,5
aas,11,2,3,3
aas,11,2,3,4
aas,11,2,4,5
aas,11,2,4,5
aas,11,3,4,3
aas,11,3,4,4
aat,1,1,2,5
aat,1,1,2,2
aat,1,1,3,4
aat,1,1,3,3
aat,1,1,4,5
aat,1,1,4,5
aat,1,2,3,1
aat,1,2,3,1
aat,1,2,4,4
aat,1,2,4,4
aat,1,3,4,3
aat,1,3,4,1
aat,2,1,2,3
aat,2,1,2,5
aat,2,1,3,1
aat,2,1,3,1
aat,2,1,4,0
aat,2,1,4,0
aat,2,2,3,3
aat,2,2,3,2
aat,2,2,4,0
aat,2,2,4,0
aat,2,3,4,0
aat,2,3,4,0
aat,3,1,2,5
aat,3,1,2,4
aat,3,1,3,1
aat,3,1,3,1
aat,3,1,4,5
aat,3,1,4,1
aat,3,2,3,3
aat,3,2,3,1
aat,3,2,4,4
aat,3,2,4,4
aat,3,3,4,1
aat,3,3,4,1
aat,4,1,2,4
aat,4,1,2,4
aat,4,1,3,4
aat,4,1,3,1
aat,4,1,4,5
aat,4,1,4,5
aat,4,2,3,4
aat,4,2,3,3
aat,4,2,4,5
aat,4,2,4,4
aat,4,3,4,3
aat,4,3,4,1
aat,5,1,2,4
aat,5,1,2,4
aat,5,1,3,1
aat,5,1,3,1
aat,5,1,4,0
aat,5,1,4,0
aat,5,2,3,2
aat,5,2,3,1
aat,5,2,4,0
aat,5,2,4,0
aat,5,3,4,0
aat,5,3,4,0
aat,6,1,2,4
aat,6,1,2,4
aat,6,1,3,4
aat,6,1,3,1
aat,6,1,4,5
aat,6,1,4,2
aat,6,2,3,4
aat,6,2,3,2
aat,6,2,4,4
aat,6,2,4,3
aat,6,3,4,3
aat,6,3,4,2
aat,7,1,2,3
aat,7,1,2,3
aat,7,1,3,1
aat,7,1,3,1
aat,7,1,4,5
aat,7,1,4,2
aat,7,2,3,1
aat,7,2,3,1
aat,7,2,4,4
aat,7,2,4,2
aat,7,3,4,1
aat,7,3,4,1
aat,8,1,2,3
aat,8,1,2,4
aat,8,1,3,1
aat,8,1,3,1
aat,8,1,4,5
aat,8,1,4,3
aat,8,2,3,3
aat,8,2,3,1
aat,8,2,4,4
aat,8,2,4,3
aat,8,3,4,1
aat,8,3,4,1
aat,9,1,2,5
aat,9,1,2,2
aat,9,1,3,1
aat,9,1,3,1
aat,9,1,4,5
aat,9,1,4,5
aat,9,2,3,1
aat,9,2,3,1
aat,9,2,4,4
aat,9,2,4,5
aat,9,3,4,3
aat,9,3,4,1
aat,10,1,2,1
aat,10,1,2,1
aat,10,1,3,1
aat,10,1,3,1
aat,10,1,4,1
aat,10,1,4,1
aat,10,2,3,2
aat,10,2,3,1
aat,10,2,4,3
aat,10,2,4,4
aat,10,3,4,2
aat,10,3,4,1
aat,11,1,2,4
aat,11,1,2,3
aat,11,1,3,1
aat,11,1,3,1
aat,11,1,4,5
aat,11,1,4,4
aat,11,2,3,1
aat,11,2,3,2
aat,11,2,4,5
aat,11,2,4,2
aat,11,3,4,2
aat,11,3,4,1
aau,1,1,2,3
aau,1,1,2,3
aau,1,1,3,2
aau,1,1,3,2
aau,1,1,4,4
aau,1,1,4,3
aau,1,2,3,2
aau,1,2,3,2
aau,1,2,4,3
aau,1,2,4,2
aau,1,3,4,2
aau,1,3,4,2
aau,2,1,2,4
aau,2,1,2,3
aau,2,1,3,3
aau,2,1,3,1
aau,2,1,4,0
aau,2,1,4,0
aau,2,2,3,3
aau,2,2,3,3
aau,2,2,4,0
aau,2,2,4,0
aau,2,3,4,0
aau,2,3,4,0
aau,3,1,2,3
aau,3,1,2,4
aau,3,1,3,2
aau,3,1,3,1
aau,3,1,4,3
aau,3,1,4,4
aau,3,2,3,3
aau,3,2,3,3
aau,3,2,4,4
aau,3,2,4,4
aau,3,3,4,2
aau,3,3,4,2
aau,4,1,2,4
aau,4,1,2,3
aau,4,1,3,2
aau,4,1,3,1
aau,4,1,4,2
aau,4,1,4,2
aau,4,2,3,4
aau,4,2,3,2
aau,4,2,4,4
aau,4,2,4,4
aau,4,3,4,2
aau,4,3,4,1
aau,5,1,2,3
aau,5,1,2,3
aau,5,1,3,3
aau,5,1,3,2
aau,5,1,4,0
aau,5,1,4,0
aau,5,2,3,3
aau,5,2,3,2
aau,5,2,4,0
aau,5,2,4,0
aau,5,3,4,0
aau,5,3,4,0
aau,6,1,2,4
aau,6,1,2,3
aau,6,1,3,2
aau,6,1,3,2
aau,6,1,4,2
aau,6,1,4,4
aau,6,2,3,2
aau,6,2,3,2
aau,6,2,4,5
aau,6,2,4,4
aau,6,3,4,3
aau,6,3,4,2
aau,7,1,2,3
aau,7,1,2,2
aau,7,1,3,2
aau,7,1,3,2
aau,7,1,4,4
aau,7,1,4,2
aau,7,2,3,3
aau,7,2,3,1
aau,7,2,4,4
aau,7,2,4,4
aau,7,3,4,3
aau,7,3,4,2
aau,8,1,2,4
aau,8,1,2,3
aau,8,1,3,2
aau,8,1,3,2
aau,8,1,4,3
aau,8,1,4,3
aau,8,2,3,2
aau,8,2,3,3
aau,8,2,4,3
aau,8,2,4,2
aau,8,3,4,2
aau,8,3,4,3
aau,9,1,2,4
aau,9,1,2,3
aau,9,1,3,2
aau,9,1,3,2
aau,9,1,4,4
aau,9,1,4,3
aau,9,2,3,2
aau,9,2,3,1
aau,9,2,4,4
aau,9,2,4,4
aau,9,3,4,2
aau,9,3,4,2
aau,10,1,2,2
aau,10,1,2,1
aau,10,1,3,2
aau,10,1,3,1
aau,10,1,4,2
aau,10,1,4,2
aau,10,2,3,2
aau,10,2,3,2
aau,10,2,4,5
aau,10,2,4,4
aau,10,3,4,3
aau,10,3,4,3
aau,11,1,2,5
aau,11,1,2,4
aau,11,1,3,4
aau,11,1,3,2
aau,11,1,4,5
aau,11,1,4,4
aau,11,2,3,4
aau,11,2,3,3
aau,11,2,4,5
aau,11,2,4,4
aau,11,3,4,3
aau,11,3,4,2
aav,1,1,2,5
aav,1,1,2,5
aav,1,1,3,5
aav,1,1,3,3
aav,1,1,4,5
aav,1,1,4,5
aav,1,2,3,3
aav,1,2,3,4
aav,1,2,4,5
aav,1,2,4,5
aav,1,3,4,4
aav,1,3,4,3
aav,2,1,2,5
aav,2,1,2,5
aav,2,1,3,5
aav,2,1,3,4
aav,2,1,4,0
aav,2,1,4,0
aav,2,2,3,5
aav,2,2,3,4
aav,2,2,4,0
aav,2,2,4,0
aav,2,3,4,0
aav,2,3,4,0
aav,3,1,2,4
aav,3,1,2,5
aav,3,1,3,3
aav,3,1,3,3
aav,3,1,4,5
aav,3,1,4,5
aav,3,2,3,4
aav,3,2,3,3
aav,3,2,4,5
aav,3,2,4,4
aav,3,3,4,4
aav,3,3,4,3
aav,4,1,2,5
aav,4,1,2,4
aav,4,1,3,3
aav,4,1,3,3
aav,4,1,4,4
aav,4,1,4,3
aav,4,2,3,3
aav,4,2,3,4
aav,4,2,4,5
aav,4,2,4,5
aav,4,3,4,3
aav,4,3,4,3
aav,5,1,2,5
aav,5,1,2,4
aav,5,1,3,4
aav,5,1,3,4
aav,5,1,4,0
aav,5,1,4,0
aav,5,2,3,3
aav,5,2,3,3
aav,5,2,4,0
aav,5,2,4,0
aav,5,3,4,0
aav,5,3,4,0
aav,6,1,2,5
aav,6,1,2,5
aav,6,1,3,4
aav,6,1,3,4
aav,6,1,4,5
aav,6,1,4,4
aav,6,2,3,4
aav,6,2,3,4
aav,6,2,4,5
aav,6,2,4,4
aav,6,3,4,5
aav,6,3,4,3
aav,7,1,2,5
aav,7,1,2,4
aav,7,1,3,3
aav,7,1,3,3
aav,7,1,4,5
aav,7,1,4,4
aav,7,2,3,4
aav,7,2,3,3
aav,7,2,4,5
aav,7,2,4,5
aav,7,3,4,4
aav,7,3,4,3
aav,8,1,2,5
aav,8,1,2,5
aav,8,1,3,4
aav,8,1,3,3
aav,8,1,4,4
aav,8,1,4,3
aav,8,2,3,4
aav,8,2,3,3
aav,8,2,4,5
aav,8,2,4,4
aav,8,3,4,4
aav,8,3,4,4
aav,9,1,2,5
aav,9,1,2,5
aav,9,1,3,4
aav,9,1,3,3
aav,9,1,4,5
aav,9,1,4,5
aav,9,2,3,4
aav,9,2,3,3
aav,9,2,4,5
aav,9,2,4,5
aav,9,3,4,4
aav,9,3,4,4
aav,10,1,2,2
aav,10,1,2,3
aav,10,1,3,2
aav,10,1,3,3
aav,10,1,4,4
aav,10,1,4,4
aav,10,2,3,4
aav,10,2,3,2
aav,10,2,4,3
aav,10,2,4,5
aav,10,3,4,4
aav,10,3,4,3
aav,11,1,2,5
aav,11,1,2,4
aav,11,1,3,3
aav,11,1,3,2
aav,11,1,4,4
aav,11,1,4,3
aav,11,2,3,3
aav,11,2,3,3
aav,11,2,4,5
aav,11,2,4,5
aav,11,3,4,4
aav,11,3,4,4
aaw,1,1,2,5
aaw,1,1,2,4
aaw,1,1,3,3
aaw,1,1,3,3
aaw,1,1,4,5
aaw,1,1,4,5
aaw,1,2,3,2
aaw,1,2,3,3
aaw,1,2,4,2
aaw,1,2,4,4
aaw,1,3,4,3
aaw,1,3,4,3
aaw,2,1,2,4
aaw,2,1,2,4
aaw,2,1,3,3
aaw,2,1,3,3
aaw,2,1,4,0
aaw,2,1,4,0
aaw,2,2,3,2
aaw,2,2,3,3
aaw,2,2,4,0
aaw,2,2,4,0
aaw,2,3,4,0
aaw,2,3,4,0
aaw,3,1,2,4
aaw,3,1,2,4
aaw,3,1,3,2
aaw,3,1,3,3
aaw,3,1,4,3
aaw,3,1,4,3
aaw,3,2,3,3
aaw,3,2,3,3
aaw,3,2,4,4
aaw,3,2,4,4
aaw,3,3,4,3
aaw,3,3,4,4
aaw,4,1,2,5
aaw,4,1,2,5
aaw,4,1,3,3
aaw,4,1,3,3
aaw,4,1,4,4
aaw,4,1,4,3
aaw,4,2,3,3
aaw,4,2,3,3
aaw,4,2,4,4
aaw,4,2,4,4
aaw,4,3,4,4
aaw,4,3,4,3
aaw,5,1,2,3
aaw,5,1,2,5
aaw,5,1,3,2
aaw,5,1,3,3
aaw,5,1,4,0
aaw,5,1,4,0
aaw,5,2,3,2
aaw,5,2,3,4
aaw,5,2,4,0
aaw,5,2,4,0
aaw,5,3,4,0
aaw,5,3,4,0
aaw,6,1,2,5
aaw,6,1,2,3
aaw,6,1,3,3
aaw,6,1,3,3
aaw,6,1,4,2
aaw,6,1,4,4
aaw,6,2,3,3
aaw,6,2,3,4
aaw,6,2,4,4
aaw,6,2,4,4
aaw,6,3,4,3
aaw,6,3,4,3
aaw,7,1,2,4
aaw,7,1,2,5
aaw,7,1,3,2
aaw,7,1,3,3
aaw,7,1,4,4
aaw,7,1,4,4
aaw,7,2,3,3
aaw,7,2,3,1
aaw,7,2,4,4
aaw,7,2,4,2
aaw,7,3,4,3
aaw,7,3,4,2
aaw,8,1,2,4
aaw,8,1,2,4
aaw,8,1,3,2
aaw,8,1,3,3
aaw,8,1,4,3
aaw,8,1,4,5
aaw,8,2,3,2
aaw,8,2,3,3
aaw,8,2,4,4
aaw,8,2,4,4
aaw,8,3,4,2
aaw,8,3,4,3
aaw,9,1,2,5
aaw,9,1,2,5
aaw,9,1,3,3
aaw,9,1,3,3
aaw,9,1,4,5
aaw,9,1,4,3
aaw,9,2,3,2
aaw,9,2,3,3
aaw,9,2,4,4
aaw,9,2,4,4
aaw,9,3,4,3
aaw,9,3,4,3
aaw,10,1,2,1
aaw,10,1,2,1
aaw,10,1,3,2
aaw,10,1,3,2
aaw,10,1,4,1
aaw,10,1,4,1
aaw,10,2,3,2
aaw,10,2,3,3
aaw,10,2,4,2
aaw,10,2,4,3
aaw,10,3,4,3
aaw,10,3,4,3
aaw,11,1,2,5
aaw,11,1,2,4
aaw,11,1,3,3
aaw,11,1,3,4
aaw,11,1,4,4
aaw,11,1,4,1
aaw,11,2,3,4
aaw,11,2,3,3
aaw,11,2,4,5
aaw,11,2,4,4
aaw,11,3,4,3
aaw,11,3,4,4
aax,1,1,2,5
aax,1,1,2,4
aax,1,1,3,4
aax,1,1,3,2
aax,1,1,4,5
aax,1,1,4,4
aax,1,2,3,3
aax,1,2,3,3
aax,1,2,4,5
aax,1,2,4,5
aax,1,3,4,4
aax,1,3,4,3
aax,2,1,2,5
aax,2,1,2,5
aax,2,1,3,5
aax,2,1,3,5
aax,2,1,4,0
aax,2,1,4,0
aax,2,2,3,4
aax,2,2,3,4
aax,2,2,4,0
aax,2,2,4,0
aax,2,3,4,0
aax,2,3,4,0
aax,3,1,2,4
aax,3,1,2,5
aax,3,1,3,4
aax,3,1,3,4
aax,3,1,4,5
aax,3,1,4,5
aax,3,2,3,5
aax,3,2,3,3
aax,3,2,4,5
aax,3,2,4,5
aax,3,3,4,2
aax,3,3,4,4
aax,4,1,2,5
aax,4,1,2,5
aax,4,1,3,2
aax,4,1,3,3
aax,4,1,4,4
aax,4,1,4,5
aax,4,2,3,2
aax,4,2,3,4
aax,4,2,4,5
aax,4,2,4,5
aax,4,3,4,1
aax,4,3,4,2
aax,5,1,2,4
aax,5,1,2,5
aax,5,1,3,5
aax,5,1,3,4
aax,5,1,4,0
aax,5,1,4,0
aax,5,2,3,5
aax,5,2,3,4
aax,5,2,4,0
aax,5,2,4,0
aax,5,3,4,0
aax,5,3,4,0
aax,6,1,2,4
aax,6,1,2,5
aax,6,1,3,4
aax,6,1,3,3
aax,6,1,4,4
aax,6,1,4,4
aax,6,2,3,4
aax,6,2,3,4
aax,6,2,4,4
aax,6,2,4,5
aax,6,3,4,4
aax,6,3,4,4
aax,7,1,2,5
aax,7,1,2,5
aax,7,1,3,1
aax,7,1,3,2
aax,7,1,4,5
aax,7,1,4,5
aax,7,2,3,2
aax,7,2,3,3
aax,7,2,4,5
aax,7,2,4,5
aax,7,3,4,1
aax,7,3,4,3
aax,8,1,2,5
aax,8,1,2,5
aax,8,1,3,3
aax,8,1,3,4
aax,8,1,4,4
aax,8,1,4,5
aax,8,2,3,3
aax,8,2,3,4
aax,8,2,4,3
aax,8,2,4,5
aax,8,3,4,4
aax,8,3,4,3
aax,9,1,2,5
aax,9,1,2,5
aax,9,1,3,3
aax,9,1,3,4
aax,9,1,4,5
aax,9,1,4,5
aax,9,2,3,4
aax,9,2,3,3
aax,9,2,4,5
aax,9,2,4,5
aax,9,3,4,4
aax,9,3,4,4
aax,10,1,2,1
aax,10,1,2,1
aax,10,1,3,1
aax,10,1,3,2
aax,10,1,4,1
aax,10,1,4,1
aax,10,2,3,1
aax,10,2,3,2
aax,10,2,4,5
aax,10,2,4,5
aax,10,3,4,1
aax,10,3,4,2
aax,11,1,2,5
aax,11,1,2,5
aax,11,1,3,2
aax,11,1,3,5
aax,11,1,4,5
aax,11,1,4,5
aax,11,2,3,2
aax,11,2,3,2
aax,11,2,4,5
aax,11,2,4,5
aax,11,3,4,2
aax,11,3,4,3
aay,1,1,2,5
aay,1,1,2,4
aay,1,1,3,4
aay,1,1,3,4
aay,1,1,4,4
aay,1,1,4,4
aay,1,2,3,4
aay,1,2,3,4
aay,1,2,4,5
aay,1,2,4,4
aay,1,3,4,3
aay,1,3,4,4
aay,2,1,2,5
aay,2,1,2,5
aay,2,1,3,4
aay,2,1,3,4
aay,2,1,4,0
aay,2,1,4,0
aay,2,2,3,5
aay,2,2,3,5
aay,2,2,4,0
aay,2,2,4,0
aay,2,3,4,0
aay,2,3,4,0
aay,3,1,2,4
aay,3,1,2,4
aay,3,1,3,4
aay,3,1,3,3
aay,3,1,4,4
aay,3,1,4,4
aay,3,2,3,3
aay,3,2,3,3
aay,3,2,4,3
aay,3,2,4,5
aay,3,3,4,3
aay,3,3,4,3
aay,4,1,2,4
aay,4,1,2,4
aay,4,1,3,5
aay,4,1,3,5
aay,4,1,4,4
aay,4,1,4,4
aay,4,2,3,5
aay,4,2,3,4
aay,4,2,4,4
aay,4,2,4,4
aay,4,3,4,3
aay,4,3,4,4
aay,5,1,2,5
aay,5,1,2,4
aay,5,1,3,4
aay,5,1,3,4
aay,5,1,4,0
aay,5,1,4,0
aay,5,2,3,5
aay,5,2,3,4
aay,5,2,4,0
aay,5,2,4,0
aay,5,3,4,0
aay,5,3,4,0
aay,6,1,2,5
aay,6,1,2,5
aay,6,1,3,4
aay,6,1,3,5
aay,6,1,4,4
aay,6,1,4,4
aay,6,2,3,4
aay,6,2,3,4
aay,6,2,4,5
aay,6,2,4,4
aay,6,3,4,4
aay,6,3,4,3
aay,7,1,2,5
aay,7,1,2,5
aay,7,1,3,4
aay,7,1,3,3
aay,7,1,4,5
aay,7,1,4,4
aay,7,2,3,3
aay,7,2,3,4
aay,7,2,4,3
aay,7,2,4,4
aay,7,3,4,3
aay,7,3,4,4
aay,8,1,2,5
aay,8,1,2,5
aay,8,1,3,4
aay,8,1,3,4
aay,8,1,4,4
aay,8,1,4,5
aay,8,2,3,5
aay,8,2,3,5
aay,8,2,4,5
aay,8,2,4,4
aay,8,3,4,4
aay,8,3,4,4
aay,9,1,2,5
aay,9,1,2,5
aay,9,1,3,4
aay,9,1,3,4
aay,9,1,4,4
aay,9,1,4,4
aay,9,2,3,5
aay,9,2,3,4
aay,9,2,4,4
aay,9,2,4,4
aay,9,3,4,4
aay,9,3,4,4
aay,10,1,2,4
aay,10,1,2,4
aay,10,1,3,3
aay,10,1,3,4
aay,10,1,4,3
aay,10,1,4,3
aay,10,2,3,5
aay,10,2,3,4
aay,10,2,4,4
aay,10,2,4,4
aay,10,3,4,4
aay,10,3,4,4
aay,11,1,2,5
aay,11,1,2,5
aay,11,1,3,4
aay,11,1,3,4
aay,11,1,4,5
aay,11,1,4,4
aay,11,2,3,5
aay,11,2,3,5
aay,11,2,4,5
aay,11,2,4,4
aay,11,3,4,5
aay,11,3,4,4
aaz,1,1,2,5
aaz,1,1,2,3
aaz,1,1,3,3
aaz,1,1,3,5
aaz,1,1,4,5
aaz,1,1,4,4
aaz,1,2,3,2
aaz,1,2,3,3
aaz,1,2,4,5
aaz,1,2,4,4
aaz,1,3,4,4
aaz,1,3,4,5
aaz,2,1,2,3
aaz,2,1,2,3
aaz,2,1,3,2
aaz,2,1,3,2
aaz,2,1,4,0
aaz,2,1,4,0
aaz,2,2,3,3
aaz,2,2,3,3
aaz,2,2,4,0
aaz,2,2,4,0
aaz,2,3,4,0
aaz,2,3,4,0
aaz,3,1,2,3
aaz,3,1,2,4
aaz,3,1,3,2
aaz,3,1,3,3
aaz,3,1,4,4
aaz,3,1,4,5
aaz,3,2,3,2
aaz,3,2,3,4
aaz,3,2,4,5
aaz,3,2,4,4
aaz,3,3,4,5
aaz,3,3,4,4
aaz,4,1,2,5
aaz,4,1,2,5
aaz,4,1,3,1
aaz,4,1,3,2
aaz,4,1,4,5
aaz,4,1,4,4
aaz,4,2,3,2
aaz,4,2,3,3
aaz,4,2,4,4
aaz,4,2,4,3
aaz,4,3,4,2
aaz,4,3,4,2
aaz,5,1,2,3
aaz,5,1,2,3
aaz,5,1,3,4
aaz,5,1,3,2
aaz,5,1,4,0
aaz,5,1,4,0
aaz,5,2,3,2
aaz,5,2,3,2
aaz,5,2,4,0
aaz,5,2,4,0
aaz,5,3,4,0
aaz,5,3,4,0
aaz,6,1,2,4
aaz,6,1,2,5
aaz,6,1,3,3
aaz,6,1,3,2
aaz,6,1,4,5
aaz,6,1,4,4
aaz,6,2,3,3
aaz,6,2,3,5
aaz,6,2,4,5
aaz,6,2,4,5
aaz,6,3,4,4
aaz,6,3,4,4
aaz,7,1,2,5
aaz,7,1,2,3
aaz,7,1,3,4
aaz,7,1,3,5
aaz,7,1,4,4
aaz,7,1,4,4
aaz,7,2,3,4
aaz,7,2,3,5
aaz,7,2,4,5
aaz,7,2,4,5
aaz,7,3,4,2
aaz,7,3,4,4
aaz,8,1,2,3
aaz,8,1,2,3
aaz,8,1,3,2
aaz,8,1,3,2
aaz,8,1,4,5
aaz,8,1,4,4
aaz,8,2,3,1
aaz,8,2,3,2
aaz,8,2,4,5
aaz,8,2,4,2
aaz,8,3,4,2
aaz,8,3,4,2
aaz,9,1,2,3
aaz,9,1,2,3
aaz,9,1,3,3
aaz,9,1,3,3
aaz,9,1,4,4
aaz,9,1,4,3
aaz,9,2,3,4
aaz,9,2,3,3
aaz,9,2,4,3
aaz,9,2,4,3
aaz,9,3,4,4
aaz,9,3,4,2
aaz,10,1,2,1
aaz,10,1,2,1
aaz,10,1,3,1
aaz,10,1,3,1
aaz,10,1,4,2
aaz,10,1,4,1
aaz,10,2,3,2
aaz,10,2,3,2
aaz,10,2,4,4
aaz,10,2,4,3
aaz,10,3,4,3
aaz,10,3,4,2
aaz,11,1,2,3
aaz,11,1,2,5
aaz,11,1,3,1
aaz,11,1,3,1
aaz,11,1,4,3
aaz,11,1,4,2
aaz,11,2,3,1
aaz,11,2,3,2
aaz,11,2,4,4
aaz,11,2,4,5
aaz,11,3,4,1
aaz,11,3,4,3
aba,1,1,2,4
aba,1,1,2,2
aba,1,1,3,3
aba,1,1,3,1
aba,1,1,4,4
aba,1,1,4,4
aba,1,2,3,2
aba,1,2,3,1
aba,1,2,4,4
aba,1,2,4,4
aba,1,3,4,2
aba,1,3,4,1
aba,2,1,2,4
aba,2,1,2,4
aba,2,1,3,3
aba,2,1,3,2
aba,2,1,4,0
aba,2,1,4,0
aba,2,2,3,3
aba,2,2,3,3
aba,2,2,4,0
aba,2,2,4,0
aba,2,3,4,0
aba,2,3,4,0
aba,3,1,2,4
aba,3,1,2,3
aba,3,1,3,1
aba,3,1,3,3
aba,3,1,4,4
aba,3,1,4,4
aba,3,2,3,2
aba,3,2,3,5
aba,3,2,4,4
aba,3,2,4,4
aba,3,3,4,4
aba,3,3,4,3
aba,4,1,2,4
aba,4,1,2,4
aba,4,1,3,3
aba,4,1,3,3
aba,4,1,4,4
aba,4,1,4,4
aba,4,2,3,3
aba,4,2,3,3
aba,4,2,4,4
aba,4,2,4,4
aba,4,3,4,2
aba,4,3,4,1
aba,5,1,2,2
aba,5,1,2,4
aba,5,1,3,2
aba,5,1,3,3
aba,5,1,4,0
aba,5,1,4,0
aba,5,2,3,2
aba,5,2,3,2
aba,5,2,4,0
aba,5,2,4,0
aba,5,3,4,0
aba,5,3,4,0
aba,6,1,2,2
aba,6,1,2,3
aba,6,1,3,2
aba,6,1,3,2
aba,6,1,4,4
aba,6,1,4,4
aba,6,2,3,3
aba,6,2,3,2
aba,6,2,4,4
aba,6,2,4,4
aba,6,3,4,2
aba,6,3,4,3
aba,7,1,2,2
aba,7,1,2,4
aba,7,1,3,2
aba,7,1,3,3
aba,7,1,4,3
aba,7,1,4,4
aba,7,2,3,2
aba,7,2,3,1
aba,7,2,4,3
aba,7,2,4,4
aba,7,3,4,1
aba,7,3,4,2
aba,8,1,2,4
aba,8,1,2,4
aba,8,1,3,2
aba,8,1,3,3
aba,8,1,4,4
aba,8,1,4,3
aba,8,2,3,2
aba,8,2,3,3
aba,8,2,4,4
aba,8,2,4,4
aba,8,3,4,1
aba,8,3,4,1
aba,9,1,2,4
aba,9,1,2,3
aba,9,1,3,1
aba,9,1,3,2
aba,9,1,4,4
aba,9,1,4,4
aba,9,2,3,2
aba,9,2,3,2
aba,9,2,4,3
aba,9,2,4,4
aba,9,3,4,2
aba,9,3,4,3
aba,10,1,2,1
aba,10,1,2,1
aba,10,1,3,1
aba,10,1,3,1
aba,10,1,4,2
aba,10,1,4,1
aba,10,2,3,2
aba,10,2,3,3
aba,10,2,4,4
aba,10,2,4,4
aba,10,3,4,3
aba,10,3,4,3
aba,11,1,2,3
aba,11,1,2,4
aba,11,1,3,3
aba,11,1,3,3
aba,11,1,4,4
aba,11,1,4,4
aba,11,2,3,3
aba,11,2,3,3
aba,11,2,4,4
aba,11,2,4,4
aba,11,3,4,3
aba,11,3,4,1
abb,1,1,2,5
abb,1,1,2,5
abb,1,1,3,5
abb,1,1,3,3
abb,1,1,4,5
abb,1,1,4,5
abb,1,2,3,4
abb,1,2,3,4
abb,1,2,4,5
abb,1,2,4,5
abb,1,3,4,4
abb,1,3,4,3
abb,2,1,2,5
abb,2,1,2,5
abb,2,1,3,4
abb,2,1,3,4
abb,2,1,4,0
abb,2,1,4,0
abb,2,2,3,3
abb,2,2,3,4
abb,2,2,4,0
abb,2,2,4,0
abb,2,3,4,0
abb,2,3,4,0
abb,3,1,2,5
abb,3,1,2,5
abb,3,1,3,2
abb,3,1,3,3
abb,3,1,4,5
abb,3,1,4,4
abb,3,2,3,4
abb,3,2,3,3
abb,3,2,4,5
abb,3,2,4,5
abb,3,3,4,2
abb,3,3,4,2
abb,4,1,2,5
abb,4,1,2,5
abb,4,1,3,4
abb,4,1,3,4
abb,4,1,4,5
abb,4,1,4,4
abb,4,2,3,4
abb,4,2,3,4
abb,4,2,4,5
abb,4,2,4,5
abb,4,3,4,4
abb,4,3,4,3
abb,5,1,2,5
abb,5,1,2,3
abb,5,1,3,2
abb,5,1,3,3
abb,5,1,4,0
abb,5,1,4,0
abb,5,2,3,4
abb,5,2,3,3
abb,5,2,4,0
abb,5,2,4,0
abb,5,3,4,0
abb,5,3,4,0
abb,6,1,2,4
abb,6,1,2,5
abb,6,1,3,4
abb,6,1,3,4
abb,6,1,4,3
abb,6,1,4,5
abb,6,2,3,4
abb,6,2,3,4
abb,6,2,4,5
abb,6,2,4,5
abb,6,3,4,4
abb,6,3,4,4
abb,7,1,2,5
abb,7,1,2,5
abb,7,1,3,5
abb,7,1,3,4
abb,7,1,4,5
abb,7,1,4,5
abb,7,2,3,3
abb,7,2,3,4
abb,7,2,4,5
abb,7,2,4,5
abb,7,3,4,3
abb,7,3,4,4
abb,8,1,2,5
abb,8,1,2,5
abb,8,1,3,3
abb,8,1,3,2
abb,8,1,4,5
abb,8,1,4,5
abb,8,2,3,3
abb,8,2,3,3
abb,8,2,4,5
abb,8,2,4,5
abb,8,3,4,3
abb,8,3,4,4
abb,9,1,2,5
abb,9,1,2,4
abb,9,1,3,2
abb,9,1,3,2
abb,9,1,4,5
abb,9,1,4,5
abb,9,2,3,2
abb,9,2,3,3
abb,9,2,4,5
abb,9,2,4,5
abb,9,3,4,2
abb,9,3,4,2
abb,10,1,2,2
abb,10,1,2,1
abb,10,1,3,2
abb,10,1,3,1
abb,10,1,4,1
abb,10,1,4,1
abb,10,2,3,4
abb,10,2,3,2
abb,10,2,4,5
abb,10,2,4,5
abb,10,3,4,2
abb,10,3,4,3
abb,11,1,2,5
abb,11,1,2,5
abb,11,1,3,2
abb,11,1,3,2
abb,11,1,4,5
abb,11,1,4,5
abb,11,2,3,5
abb,11,2,3,4
abb,11,2,4,5
abb,11,2,4,5
abb,11,3,4,4
abb,11,3,4,2
abd,1,1,2,4
abd,1,1,2,4
abd,1,1,3,3
abd,1,1,3,3
abd,1,1,4,4
abd,1,1,4,3
abd,1,2,3,3
abd,1,2,3,2
abd,1,2,4,5
abd,1,2,4,3
abd,1,3,4,2
abd,1,3,4,1
abd,2,1,2,4
abd,2,1,2,4
abd,2,1,3,2
abd,2,1,3,3
abd,2,1,4,0
abd,2,1,4,0
abd,2,2,3,3
abd,2,2,3,3
abd,2,2,4,0
abd,2,2,4,0
abd,2,3,4,0
abd,2,3,4,0
abd,3,1,2,5
abd,3,1,2,4
abd,3,1,3,3
abd,3,1,3,3
abd,3,1,4,4
abd,3,1,4,4
abd,3,2,3,3
abd,3,2,3,2
abd,3,2,4,4
abd,3,2,4,4
abd,3,3,4,3
abd,3,3,4,2
abd,4,1,2,4
abd,4,1,2,3
abd,4,1,3,3
abd,4,1,3,3
abd,4,1,4,4
abd,4,1,4,4
abd,4,2,3,3
abd,4,2,3,3
abd,4,2,4,4
abd,4,2,4,4
abd,4,3,4,3
abd,4,3,4,3
abd,5,1,2,4
abd,5,1,2,3
abd,5,1,3,3
abd,5,1,3,3
abd,5,1,4,0
abd,5,1,4,0
abd,5,2,3,3
abd,5,2,3,2
abd,5,2,4,0
abd,5,2,4,0
abd,5,3,4,0
abd,5,3,4,0
abd,6,1,2,3
abd,6,1,2,4
abd,6,1,3,3
abd,6,1,3,3
abd,6,1,4,5
abd,6,1,4,4
abd,6,2,3,3
abd,6,2,3,3
abd,6,2,4,4
abd,6,2,4,4
abd,6,3,4,2
abd,6,3,4,2
abd,7,1,2,5
abd,7,1,2,4
abd,7,1,3,2
abd,7,1,3,2
abd,7,1,4,4
abd,7,1,4,3
abd,7,2,3,2
abd,7,2,3,2
abd,7,2,4,4
abd,7,2,4,4
abd,7,3,4,2
abd,7,3,4,2
abd,8,1,2,5
abd,8,1,2,4
abd,8,1,3,4
abd,8,1,3,2
abd,8,1,4,5
abd,8,1,4,4
abd,8,2,3,4
abd,8,2,3,2
abd,8,2,4,4
abd,8,2,4,4
abd,8,3,4,2
abd,8,3,4,3
abd,9,1,2,4
abd,9,1,2,4
abd,9,1,3,3
abd,9,1,3,3
abd,9,1,4,4
abd,9,1,4,4
abd,9,2,3,3
abd,9,2,3,3
abd,9,2,4,5
abd,9,2,4,4
abd,9,3,4,3
abd,9,3,4,2
abd,10,1,2,1
abd,10,1,2,1
abd,10,1,3,2
abd,10,1,3,1
abd,10,1,4,2
abd,10,1,4,2
abd,10,2,3,2
abd,10,2,3,2
abd,10,2,4,5
abd,10,2,4,4
abd,10,3,4,2
abd,10,3,4,1
abd,11,1,2,4
abd,11,1,2,4
abd,11,1,3,3
abd,11,1,3,2
abd,11,1,4,4
abd,11,1,4,4
abd,11,2,3,1
abd,11,2,3,3
abd,11,2,4,4
abd,11,2,4,4
abd,11,3,4,2
abd,11,3,4,1
abf,1,1,2,5
abf,1,1,2,4
abf,1,1,3,5
abf,1,1,3,3
abf,1,1,4,4
abf,1,1,4,4
abf,1,2,3,4
abf,1,2,3,3
abf,1,2,4,4
abf,1,2,4,5
abf,1,3,4,4
abf,1,3,4,4
abf,2,1,2,5
abf,2,1,2,4
abf,2,1,3,5
abf,2,1,3,3
abf,2,1,4,0
abf,2,1,4,0
abf,2,2,3,4
abf,2,2,3,3
abf,2,2,4,0
abf,2,2,4,0
abf,2,3,4,0
abf,2,3,4,0
abf,3,1,2,2
abf,3,1,2,4
abf,3,1,3,2
abf,3,1,3,2
abf,3,1,4,2
abf,3,1,4,4
abf,3,2,3,2
abf,3,2,3,2
abf,3,2,4,4
abf,3,2,4,4
abf,3,3,4,2
abf,3,3,4,3
abf,4,1,2,4
abf,4,1,2,3
abf,4,1,3,3
abf,4,1,3,4
abf,4,1,4,4
abf,4,1,4,3
abf,4,2,3,3
abf,4,2,3,3
abf,4,2,4,2
abf,4,2,4,4
abf,4,3,4,4
abf,4,3,4,3
abf,5,1,2,3
abf,5,1,2,3
abf,5,1,3,3
abf,5,1,3,3
abf,5,1,4,0
abf,5,1,4,0
abf,5,2,3,2
abf,5,2,3,3
abf,5,2,4,0
abf,5,2,4,0
abf,5,3,4,0
abf,5,3,4,0
abf,6,1,2,3
abf,6,1,2,4
abf,6,1,3,2
abf,6,1,3,3
abf,6,1,4,5
abf,6,1,4,3
abf,6,2,3,2
abf,6,2,3,3
abf,6,2,4,4
abf,6,2,4,4
abf,6,3,4,4
abf,6,3,4,3
abf,7,1,2,4
abf,7,1,2,4
abf,7,1,3,4
abf,7,1,3,3
abf,7,1,4,4
abf,7,1,4,4
abf,7,2,3,4
abf,7,2,3,3
abf,7,2,4,4
abf,7,2,4,4
abf,7,3,4,3
abf,7,3,4,3
abf,8,1,2,3
abf,8,1,2,4
abf,8,1,3,4
abf,8,1,3,3
abf,8,1,4,3
abf,8,1,4,3
abf,8,2,3,3
abf,8,2,3,2
abf,8,2,4,4
abf,8,2,4,4
abf,8,3,4,3
abf,8,3,4,2
abf,9,1,2,4
abf,9,1,2,4
abf,9,1,3,2
abf,9,1,3,2
abf,9,1,4,4
abf,9,1,4,3
abf,9,2,3,2
abf,9,2,3,2
abf,9,2,4,3
abf,9,2,4,4
abf,9,3,4,2
abf,9,3,4,2
abf,10,1,2,1
abf,10,1,2,1
abf,10,1,3,1
abf,10,1,3,1
abf,10,1,4,1
abf,10,1,4,1
abf,10,2,3,3
abf,10,2,3,3
abf,10,2,4,3
abf,10,2,4,3
abf,10,3,4,3
abf,10,3,4,3
abf,11,1,2,4
abf,11,1,2,5
abf,11,1,3,3
abf,11,1,3,2
abf,11,1,4,4
abf,11,1,4,3
abf,11,2,3,2
abf,11,2,3,3
abf,11,2,4,4
abf,11,2,4,3
abf,11,3,4,3
abf,11,3,4,2
abg,1,1,2,5
abg,1,1,2,5
abg,1,1,3,1
abg,1,1,3,1
abg,1,1,4,5
abg,1,1,4,4
abg,1,2,3,2
abg,1,2,3,2
abg,1,2,4,3
abg,1,2,4,3
abg,1,3,4,1
abg,1,3,4,1
abg,2,1,2,3
abg,2,1,2,5
abg,2,1,3,2
abg,2,1,3,3
abg,2,1,4,0
abg,2,1,4,0
abg,2,2,3,4
abg,2,2,3,3
abg,2,2,4,0
abg,2,2,4,0
abg,2,3,4,0
abg,2,3,4,0
abg,3,1,2,4
abg,3,1,2,5
abg,3,1,3,2
abg,3,1,3,1
abg,3,1,4,4
abg,3,1,4,4
abg,3,2,3,2
abg,3,2,3,2
abg,3,2,4,5
abg,3,2,4,5
abg,3,3,4,2
abg,3,3,4,2
abg,4,1,2,3
abg,4,1,2,2
abg,4,1,3,1
abg,4,1,3,2
abg,4,1,4,4
abg,4,1,4,2
abg,4,2,3,2
abg,4,2,3,2
abg,4,2,4,3
abg,4,2,4,3
abg,4,3,4,1
abg,4,3,4,1
abg,5,1,2,3
abg,5,1,2,5
abg,5,1,3,3
abg,5,1,3,2
abg,5,1,4,0
abg,5,1,4,0
abg,5,2,3,3
abg,5,2,3,2
abg,5,2,4,0
abg,5,2,4,0
abg,5,3,4,0
abg,5,3,4,0
abg,6,1,2,3
abg,6,1,2,2
abg,6,1,3,2
abg,6,1,3,2
abg,6,1,4,4
abg,6,1,4,3
abg,6,2,3,2
abg,6,2,3,4
abg,6,2,4,4
abg,6,2,4,3
abg,6,3,4,2
abg,6,3,4,2
abg,7,1,2,4
abg,7,1,2,3
abg,7,1,3,1
abg,7,1,3,1
abg,7,1,4,4
abg,7,1,4,4
abg,7,2,3,1
abg,7,2,3,1
abg,7,2,4,3
abg,7,2,4,3
abg,7,3,4,1
abg,7,3,4,1
abg,8,1,2,4
abg,8,1,2,3
abg,8,1,3,2
abg,8,1,3,2
abg,8,1,4,4
abg,8,1,4,3
abg,8,2,3,3
abg,8,2,3,3
abg,8,2,4,4
abg,8,2,4,4
abg,8,3,4,3
abg,8,3,4,3
abg,9,1,2,5
abg,9,1,2,5
abg,9,1,3,3
abg,9,1,3,3
abg,9,1,4,3
abg,9,1,4,3
abg,9,2,3,5
abg,9,2,3,2
abg,9,2,4,3
abg,9,2,4,3
abg,9,3,4,2
abg,9,3,4,3
abg,10,1,2,1
abg,10,1,2,1
abg,10,1,3,1
abg,10,1,3,1
abg,10,1,4,1
abg,10,1,4,1
abg,10,2,3,2
abg,10,2,3,2
abg,10,2,4,2
abg,10,2,4,2
abg,10,3,4,1
abg,10,3,4,1
abg,11,1,2,2
abg,11,1,2,2
abg,11,1,3,1
abg,11,1,3,1
abg,11,1,4,3
abg,11,1,4,3
abg,11,2,3,1
abg,11,2,3,2
abg,11,2,4,5
abg,11,2,4,3
abg,11,3,4,1
abg,11,3,4,2
abi,1,1,2,4
abi,1,1,2,4
abi,1,1,3,1
abi,1,1,3,1
abi,1,1,4,4
abi,1,1,4,4
abi,1,2,3,1
abi,1,2,3,1
abi,1,2,4,5
abi,1,2,4,5
abi,1,3,4,2
abi,1,3,4,2
abi,2,1,2,2
abi,2,1,2,4
abi,2,1,3,2
abi,2,1,3,3
abi,2,1,4,0
abi,2,1,4,0
abi,2,2,3,1
abi,2,2,3,2
abi,2,2,4,0
abi,2,2,4,0
abi,2,3,4,0
abi,2,3,4,0
abi,3,1,2,2
abi,3,1,2,5
abi,3,1,3,4
abi,3,1,3,2
abi,3,1,4,4
abi,3,1,4,3
abi,3,2,3,3
abi,3,2,3,2
abi,3,2,4,4
abi,3,2,4,3
abi,3,3,4,5
abi,3,3,4,2
abi,4,1,2,4
abi,4,1,2,4
abi,4,1,3,5
abi,4,1,3,2
abi,4,1,4,4
abi,4,1,4,3
abi,4,2,3,3
abi,4,2,3,1
abi,4,2,4,5
abi,4,2,4,3
abi,4,3,4,2
abi,4,3,4,3
abi,5,1,2,2
abi,5,1,2,3
abi,5,1,3,1
abi,5,1,3,2
abi,5,1,4,0
abi,5,1,4,0
abi,5,2,3,2
abi,5,2,3,2
abi,5,2,4,0
abi,5,2,4,0
abi,5,3,4,0
abi,5,3,4,0
abi,6,1,2,2
abi,6,1,2,5
abi,6,1,3,3
abi,6,1,3,3
abi,6,1,4,4
abi,6,1,4,3
abi,6,2,3,2
abi,6,2,3,2
abi,6,2,4,5
abi,6,2,4,5
abi,6,3,4,3
abi,6,3,4,3
abi,7,1,2,3
abi,7,1,2,4
abi,7,1,3,2
abi,7,1,3,1
abi,7,1,4,3
abi,7,1,4,3
abi,7,2,3,2
abi,7,2,3,1
abi,7,2,4,1
abi,7,2,4,4
abi,7,3,4,1
abi,7,3,4,2
abi,8,1,2,3
abi,8,1,2,5
abi,8,1,3,2
abi,8,1,3,2
abi,8,1,4,3
abi,8,1,4,3
abi,8,2,3,1
abi,8,2,3,2
abi,8,2,4,3
abi,8,2,4,4
abi,8,3,4,1
abi,8,3,4,2
abi,9,1,2,4
abi,9,1,2,5
abi,9,1,3,2
abi,9,1,3,2
abi,9,1,4,2
abi,9,1,4,4
abi,9,2,3,1
abi,9,2,3,2
abi,9,2,4,3
abi,9,2,4,3
abi,9,3,4,3
abi,9,3,4,2
abi,10,1,2,1
abi,10,1,2,1
abi,10,1,3,1
abi,10,1,3,2
abi,10,1,4,1
abi,10,1,4,1
abi,10,2,3,2
abi,10,2,3,2
abi,10,2,4,2
abi,10,2,4,4
abi,10,3,4,1
abi,10,3,4,2
abi,11,1,2,3
abi,11,1,2,5
abi,11,1,3,2
abi,11,1,3,3
abi,11,1,4,4
abi,11,1,4,3
abi,11,2,3,2
abi,11,2,3,3
abi,11,2,4,5
abi,11,2,4,4
abi,11,3,4,3
abi,11,3,4,3
abj,1,1,2,3
abj,1,1,2,5
abj,1,1,3,5
abj,1,1,3,3
abj,1,1,4,3
abj,1,1,4,5
abj,1,2,3,3
abj,1,2,3,4
abj,1,2,4,5
abj,1,2,4,5
abj,1,3,4,2
abj,1,3,4,3
abj,2,1,2,3
abj,2,1,2,4
abj,2,1,3,4
abj,2,1,3,4
abj,2,1,4,0
abj,2,1,4,0
abj,2,2,3,3
abj,2,2,3,5
abj,2,2,4,0
abj,2,2,4,0
abj,2,3,4,0
abj,2,3,4,0
abj,3,1,2,5
abj,3,1,2,5
abj,3,1,3,2
abj,3,1,3,3
abj,3,1,4,3
abj,3,1,4,5
abj,3,2,3,3
abj,3,2,3,4
abj,3,2,4,4
abj,3,2,4,4
abj,3,3,4,3
abj,3,3,4,4
abj,4,1,2,5
abj,4,1,2,5
abj,4,1,3,3
abj,4,1,3,4
abj,4,1,4,4
abj,4,1,4,5
abj,4,2,3,5
abj,4,2,3,5
abj,4,2,4,5
abj,4,2,4,5
abj,4,3,4,2
abj,4,3,4,4
abj,5,1,2,4
abj,5,1,2,5
abj,5,1,3,3
abj,5,1,3,3
abj,5,1,4,0
abj,5,1,4,0
abj,5,2,3,4
abj,5,2,3,4
abj,5,2,4,0
abj,5,2,4,0
abj,5,3,4,0
abj,5,3,4,0
abj,6,1,2,3
abj,6,1,2,5
abj,6,1,3,3
abj,6,1,3,3
abj,6,1,4,3
abj,6,1,4,5
abj,6,2,3,5
abj,6,2,3,4
abj,6,2,4,5
abj,6,2,4,5
abj,6,3,4,4
abj,6,3,4,3
abj,7,1,2,4
abj,7,1,2,5
abj,7,1,3,3
abj,7,1,3,4
abj,7,1,4,5
abj,7,1,4,5
abj,7,2,3,3
abj,7,2,3,4
abj,7,2,4,3
abj,7,2,4,5
abj,7,3,4,3
abj,7,3,4,3
abj,8,1,2,3
abj,8,1,2,4
abj,8,1,3,2
abj,8,1,3,3
abj,8,1,4,5
abj,8,1,4,5
abj,8,2,3,3
abj,8,2,3,4
abj,8,2,4,5
abj,8,2,4,5
abj,8,3,4,2
abj,8,3,4,2
abj,9,1,2,3
abj,9,1,2,4
abj,9,1,3,2
abj,9,1,3,2
abj,9,1,4,3
abj,9,1,4,4
abj,9,2,3,3
abj,9,2,3,3
abj,9,2,4,4
abj,9,2,4,5
abj,9,3,4,3
abj,9,3,4,3
abj,10,1,2,2
abj,10,1,2,3
abj,10,1,3,2
abj,10,1,3,3
abj,10,1,4,2
abj,10,1,4,2
abj,10,2,3,3
abj,10,2,3,4
abj,10,2,4,5
abj,10,2,4,4
abj,10,3,4,2
abj,10,3,4,3
abj,11,1,2,5
abj,11,1,2,5
abj,11,1,3,4
abj,11,1,3,3
abj,11,1,4,5
abj,11,1,4,5
abj,11,2,3,3
abj,11,2,3,3
abj,11,2,4,5
abj,11,2,4,5
abj,11,3,4,3
abj,11,3,4,3
abk,1,1,2,4
abk,1,1,2,3
abk,1,1,3,3
abk,1,1,3,3
abk,1,1,4,4
abk,1,1,4,3
abk,1,2,3,2
abk,1,2,3,2
abk,1,2,4,4
abk,1,2,4,3
abk,1,3,4,3
abk,1,3,4,3
abk,2,1,2,3
abk,2,1,2,4
abk,2,1,3,2
abk,2,1,3,2
abk,2,1,4,0
abk,2,1,4,0
abk,2,2,3,3
abk,2,2,3,3
abk,2,2,4,0
abk,2,2,4,0
abk,2,3,4,0
abk,2,3,4,0
abk,3,1,2,4
abk,3,1,2,4
abk,3,1,3,2
abk,3,1,3,1
abk,3,1,4,3
abk,3,1,4,3
abk,3,2,3,3
abk,3,2,3,3
abk,3,2,4,4
abk,3,2,4,4
abk,3,3,4,3
abk,3,3,4,3
abk,4,1,2,3
abk,4,1,2,3
abk,4,1,3,2
abk,4,1,3,2
abk,4,1,4,3
abk,4,1,4,3
abk,4,2,3,2
abk,4,2,3,2
abk,4,2,4,4
abk,4,2,4,4
abk,4,3,4,2
abk,4,3,4,3
abk,5,1,2,4
abk,5,1,2,4
abk,5,1,3,2
abk,5,1,3,3
abk,5,1,4,0
abk,5,1,4,0
abk,5,2,3,3
abk,5,2,3,4
abk,5,2,4,0
abk,5,2,4,0
abk,5,3,4,0
abk,5,3,4,0
abk,6,1,2,5
abk,6,1,2,3
abk,6,1,3,3
abk,6,1,3,2
abk,6,1,4,3
abk,6,1,4,3
abk,6,2,3,3
abk,6,2,3,3
abk,6,2,4,4
abk,6,2,4,3
abk,6,3,4,3
abk,6,3,4,3
abk,7,1,2,3
abk,7,1,2,4
abk,7,1,3,3
abk,7,1,3,2
abk,7,1,4,4
abk,7,1,4,4
abk,7,2,3,3
abk,7,2,3,3
abk,7,2,4,4
abk,7,2,4,4
abk,7,3,4,2
abk,7,3,4,3
abk,8,1,2,4
abk,8,1,2,4
abk,8,1,3,3
abk,8,1,3,2
abk,8,1,4,4
abk,8,1,4,3
abk,8,2,3,3
abk,8,2,3,2
abk,8,2,4,3
abk,8,2,4,4
abk,8,3,4,2
abk,8,3,4,3
abk,9,1,2,4
abk,9,1,2,3
abk,9,1,3,2
abk,9,1,3,2
abk,9,1,4,4
abk,9,1,4,4
abk,9,2,3,3
abk,9,2,3,4
abk,9,2,4,4
abk,9,2,4,4
abk,9,3,4,3
abk,9,3,4,3
abk,10,1,2,2
abk,10,1,2,1
abk,10,1,3,2
abk,10,1,3,1
abk,10,1,4,2
abk,10,1,4,2
abk,10,2,3,3
abk,10,2,3,4
abk,10,2,4,4
abk,10,2,4,5
abk,10,3,4,3
abk,10,3,4,3
abk,11,1,2,4
abk,11,1,2,4
abk,11,1,3,2
abk,11,1,3,4
abk,11,1,4,4
abk,11,1,4,4
abk,11,2,3,3
abk,11,2,3,3
abk,11,2,4,4
abk,11,2,4,5
abk,11,3,4,3
abk,11,3,4,3
aca,1,1,2,4
aca,1,1,2,4
aca,1,1,3,3
aca,1,1,3,4
aca,1,1,4,4
aca,1,1,4,5
aca,1,2,3,3
aca,1,2,3,2
aca,1,2,4,5
aca,1,2,4,4
aca,1,3,4,2
aca,1,3,4,2
aca,2,1,2,4
aca,2,1,2,4
aca,2,1,3,4
aca,2,1,3,4
aca,2,1,4,0
aca,2,1,4,0
aca,2,2,3,4
aca,2,2,3,3
aca,2,2,4,0
aca,2,2,4,0
aca,2,3,4,0
aca,2,3,4,0
aca,3,1,2,3
aca,3,1,2,5
aca,3,1,3,2
aca,3,1,3,3
aca,3,1,4,5
aca,3,1,4,4
aca,3,2,3,4
aca,3,2,3,3
aca,3,2,4,4
aca,3,2,4,5
aca,3,3,4,3
aca,3,3,4,2
aca,4,1,2,5
aca,4,1,2,4
aca,4,1,3,3
aca,4,1,3,5
aca,4,1,4,3
aca,4,1,4,4
aca,4,2,3,2
aca,4,2,3,1
aca,4,2,4,4
aca,4,2,4,3
aca,4,3,4,2
aca,4,3,4,2
aca,5,1,2,3
aca,5,1,2,3
aca,5,1,3,4
aca,5,1,3,3
aca,5,1,4,0
aca,5,1,4,0
aca,5,2,3,2
aca,5,2,3,2
aca,5,2,4,0
aca,5,2,4,0
aca,5,3,4,0
aca,5,3,4,0
aca,6,1,2,4
aca,6,1,2,4
aca,6,1,3,4
aca,6,1,3,4
aca,6,1,4,4
aca,6,1,4,5
aca,6,2,3,3
aca,6,2,3,3
aca,6,2,4,3
aca,6,2,4,5
aca,6,3,4,3
aca,6,3,4,4
aca,7,1,2,5
aca,7,1,2,4
aca,7,1,3,3
aca,7,1,3,2
aca,7,1,4,4
aca,7,1,4,4
aca,7,2,3,2
aca,7,2,3,2
aca,7,2,4,4
aca,7,2,4,3
aca,7,3,4,2
aca,7,3,4,2
aca,8,1,2,4
aca,8,1,2,4
aca,8,1,3,4
aca,8,1,3,4
aca,8,1,4,4
aca,8,1,4,4
aca,8,2,3,3
aca,8,2,3,3
aca,8,2,4,5
aca,8,2,4,5
aca,8,3,4,4
aca,8,3,4,3
aca,9,1,2,4
aca,9,1,2,5
aca,9,1,3,5
aca,9,1,3,4
aca,9,1,4,4
aca,9,1,4,3
aca,9,2,3,3
aca,9,2,3,1
aca,9,2,4,5
aca,9,2,4,5
aca,9,3,4,3
aca,9,3,4,5
aca,10,1,2,1
aca,10,1,2,1
aca,10,1,3,1
aca,10,1,3,1
aca,10,1,4,1
aca,10,1,4,1
aca,10,2,3,3
aca,10,2,3,2
aca,10,2,4,5
aca,10,2,4,5
aca,10,3,4,3
aca,10,3,4,2
aca,11,1,2,4
aca,11,1,2,4
aca,11,1,3,4
aca,11,1,3,4
aca,11,1,4,4
aca,11,1,4,3
aca,11,2,3,2
aca,11,2,3,3
aca,11,2,4,5
aca,11,2,4,3
aca,11,3,4,3
aca,11,3,4,3
acc,1,1,2,4
acc,1,1,2,5
acc,1,1,3,3
acc,1,1,3,3
acc,1,1,4,4
acc,1,1,4,5
acc,1,2,3,2
acc,1,2,3,2
acc,1,2,4,5
acc,1,2,4,4
acc,1,3,4,2
acc,1,3,4,2
acc,2,1,2,4
acc,2,1,2,4
acc,2,1,3,3
acc,2,1,3,3
acc,2,1,4,0
acc,2,1,4,0
acc,2,2,3,3
acc,2,2,3,3
acc,2,2,4,0
acc,2,2,4,0
acc,2,3,4,0
acc,2,3,4,0
acc,3,1,2,5
acc,3,1,2,3
acc,3,1,3,4
acc,3,1,3,3
acc,3,1,4,2
acc,3,1,4,4
acc,3,2,3,5
acc,3,2,3,3
acc,3,2,4,2
acc,3,2,4,3
acc,3,3,4,4
acc,3,3,4,3
acc,4,1,2,5
acc,4,1,2,4
acc,4,1,3,2
acc,4,1,3,2
acc,4,1,4,4
acc,4,1,4,4
acc,4,2,3,3
acc,4,2,3,3
acc,4,2,4,4
acc,4,2,4,4
acc,4,3,4,3
acc,4,3,4,2
acc,5,1,2,3
acc,5,1,2,3
acc,5,1,3,3
acc,5,1,3,3
acc,5,1,4,0
acc,5,1,4,0
acc,5,2,3,3
acc,5,2,3,2
acc,5,2,4,0
acc,5,2,4,0
acc,5,3,4,0
acc,5,3,4,0
acc,6,1,2,3
acc,6,1,2,3
acc,6,1,3,3
acc,6,1,3,3
acc,6,1,4,3
acc,6,1,4,4
acc,6,2,3,3
acc,6,2,3,2
acc,6,2,4,3
acc,6,2,4,3
acc,6,3,4,3
acc,6,3,4,3
acc,7,1,2,5
acc,7,1,2,4
acc,7,1,3,2
acc,7,1,3,2
acc,7,1,4,5
acc,7,1,4,5
acc,7,2,3,1
acc,7,2,3,1
acc,7,2,4,4
acc,7,2,4,3
acc,7,3,4,2
acc,7,3,4,2
acc,8,1,2,4
acc,8,1,2,4
acc,8,1,3,3
acc,8,1,3,3
acc,8,1,4,5
acc,8,1,4,4
acc,8,2,3,2
acc,8,2,3,3
acc,8,2,4,4
acc,8,2,4,3
acc,8,3,4,2
acc,8,3,4,3
acc,9,1,2,3
acc,9,1,2,4
acc,9,1,3,2
acc,9,1,3,2
acc,9,1,4,4
acc,9,1,4,4
acc,9,2,3,2
acc,9,2,3,2
acc,9,2,4,4
acc,9,2,4,4
acc,9,3,4,3
acc,9,3,4,2
acc,10,1,2,2
acc,10,1,2,1
acc,10,1,3,2
acc,10,1,3,2
acc,10,1,4,2
acc,10,1,4,1
acc,10,2,3,2
acc,10,2,3,1
acc,10,2,4,4
acc,10,2,4,4
acc,10,3,4,3
acc,10,3,4,3
acc,11,1,2,2
acc,11,1,2,3
acc,11,1,3,4
acc,11,1,3,3
acc,11,1,4,5
acc,11,1,4,5
acc,11,2,3,3
acc,11,2,3,2
acc,11,2,4,5
acc,11,2,4,4
acc,11,3,4,2
acc,11,3,4,4
acf,1,1,2,5
acf,1,1,2,5
acf,1,1,3,1
acf,1,1,3,1
acf,1,1,4,4
acf,1,1,4,5
acf,1,2,3,1
acf,1,2,3,1
acf,1,2,4,4
acf,1,2,4,4
acf,1,3,4,1
acf,1,3,4,1
acf,2,1,2,5
acf,2,1,2,4
acf,2,1,3,2
acf,2,1,3,2
acf,2,1,4,0
acf,2,1,4,0
acf,2,2,3,1
acf,2,2,3,1
acf,2,2,4,0
acf,2,2,4,0
acf,2,3,4,0
acf,2,3,4,0
acf,3,1,2,5
acf,3,1,2,4
acf,3,1,3,1
acf,3,1,3,2
acf,3,1,4,4
acf,3,1,4,4
acf,3,2,3,1
acf,3,2,3,2
acf,3,2,4,5
acf,3,2,4,4
acf,3,3,4,4
acf,3,3,4,1
acf,4,1,2,4
acf,4,1,2,5
acf,4,1,3,1
acf,4,1,3,2
acf,4,1,4,3
acf,4,1,4,3
acf,4,2,3,1
acf,4,2,3,1
acf,4,2,4,3
acf,4,2,4,4
acf,4,3,4,1
acf,4,3,4,1
acf,5,1,2,5
acf,5,1,2,4
acf,5,1,3,2
acf,5,1,3,2
acf,5,1,4,0
acf,5,1,4,0
acf,5,2,3,1
acf,5,2,3,2
acf,5,2,4,0
acf,5,2,4,0
acf,5,3,4,0
acf,5,3,4,0
acf,6,1,2,4
acf,6,1,2,5
acf,6,1,3,2
acf,6,1,3,2
acf,6,1,4,3
acf,6,1,4,3
acf,6,2,3,2
acf,6,2,3,1
acf,6,2,4,4
acf,6,2,4,4
acf,6,3,4,2
acf,6,3,4,3
acf,7,1,2,4
acf,7,1,2,4
acf,7,1,3,2
acf,7,1,3,1
acf,7,1,4,4
acf,7,1,4,5
acf,7,2,3,1
acf,7,2,3,1
acf,7,2,4,3
acf,7,2,4,3
acf,7,3,4,1
acf,7,3,4,1
acf,8,1,2,3
acf,8,1,2,5
acf,8,1,3,2
acf,8,1,3,2
acf,8,1,4,4
acf,8,1,4,5
acf,8,2,3,1
acf,8,2,3,2
acf,8,2,4,3
acf,8,2,4,4
acf,8,3,4,2
acf,8,3,4,1
acf,9,1,2,4
acf,9,1,2,5
acf,9,1,3,2
acf,9,1,3,1
acf,9,1,4,3
acf,9,1,4,3
acf,9,2,3,1
acf,9,2,3,2
acf,9,2,4,3
acf,9,2,4,4
acf,9,3,4,3
acf,9,3,4,2
acf,10,1,2,1
acf,10,1,2,1
acf,10,1,3,1
acf,10,1,3,1
acf,10,1,4,1
acf,10,1,4,1
acf,10,2,3,2
acf,10,2,3,1
acf,10,2,4,3
acf,10,2,4,4
acf,10,3,4,2
acf,10,3,4,2
acf,11,1,2,5
acf,11,1,2,5
acf,11,1,3,3
acf,11,1,3,2
acf,11,1,4,4
acf,11,1,4,4
acf,11,2,3,3
acf,11,2,3,2
acf,11,2,4,3
acf,11,2,4,4
acf,11,3,4,2
acf,11,3,4,1
acg,1,1,2,4
acg,1,1,2,4
acg,1,1,3,4
acg,1,1,3,4
acg,1,1,4,4
acg,1,1,4,5
acg,1,2,3,4
acg,1,2,3,3
acg,1,2,4,5
acg,1,2,4,4
acg,1,3,4,3
acg,1,3,4,4
acg,2,1,2,5
acg,2,1,2,5
acg,2,1,3,4
acg,2,1,3,4
acg,2,1,4,0
acg,2,1,4,0
acg,2,2,3,4
acg,2,2,3,5
acg,2,2,4,0
acg,2,2,4,0
acg,2,3,4,0
acg,2,3,4,0
acg,3,1,2,5
acg,3,1,2,5
acg,3,1,3,2
acg,3,1,3,2
acg,3,1,4,4
acg,3,1,4,4
acg,3,2,3,3
acg,3,2,3,2
acg,3,2,4,3
acg,3,2,4,4
acg,3,3,4,3
acg,3,3,4,2
acg,4,1,2,5
acg,4,1,2,5
acg,4,1,3,3
acg,4,1,3,3
acg,4,1,4,5
acg,4,1,4,5
acg,4,2,3,5
acg,4,2,3,4
acg,4,2,4,4
acg,4,2,4,4
acg,4,3,4,4
acg,4,3,4,3
acg,5,1,2,5
acg,5,1,2,5
acg,5,1,3,3
acg,5,1,3,3
acg,5,1,4,0
acg,5,1,4,0
acg,5,2,3,3
acg,5,2,3,3
acg,5,2,4,0
acg,5,2,4,0
acg,5,3,4,0
acg,5,3,4,0
acg,6,1,2,4
acg,6,1,2,5
acg,6,1,3,5
acg,6,1,3,3
acg,6,1,4,5
acg,6,1,4,5
acg,6,2,3,3
acg,6,2,3,3
acg,6,2,4,4
acg,6,2,4,5
acg,6,3,4,3
acg,6,3,4,3
acg,7,1,2,5
acg,7,1,2,5
acg,7,1,3,4
acg,7,1,3,3
acg,7,1,4,5
acg,7,1,4,5
acg,7,2,3,4
acg,7,2,3,3
acg,7,2,4,5
acg,7,2,4,4
acg,7,3,4,3
acg,7,3,4,3
acg,8,1,2,5
acg,8,1,2,5
acg,8,1,3,2
acg,8,1,3,2
acg,8,1,4,5
acg,8,1,4,4
acg,8,2,3,2
acg,8,2,3,2
acg,8,2,4,5
acg,8,2,4,5
acg,8,3,4,3
acg,8,3,4,3
acg,9,1,2,5
acg,9,1,2,5
acg,9,1,3,3
acg,9,1,3,2
acg,9,1,4,5
acg,9,1,4,5
acg,9,2,3,3
acg,9,2,3,2
acg,9,2,4,3
acg,9,2,4,4
acg,9,3,4,2
acg,9,3,4,2
acg,10,1,2,2
acg,10,1,2,3
acg,10,1,3,2
acg,10,1,3,2
acg,10,1,4,3
acg,10,1,4,3
acg,10,2,3,3
acg,10,2,3,4
acg,10,2,4,4
acg,10,2,4,5
acg,10,3,4,2
acg,10,3,4,3
acg,11,1,2,5
acg,11,1,2,5
acg,11,1,3,4
acg,11,1,3,3
acg,11,1,4,5
acg,11,1,4,5
acg,11,2,3,4
acg,11,2,3,3
acg,11,2,4,4
acg,11,2,4,5
acg,11,3,4,3
acg,11,3,4,3
ach,1,1,2,3
ach,1,1,2,2
ach,1,1,3,2
ach,1,1,3,3
ach,1,1,4,4
ach,1,1,4,2
ach,1,2,3,3
ach,1,2,3,2
ach,1,2,4,3
ach,1,2,4,2
ach,1,3,4,2
ach,1,3,4,2
ach,2,1,2,2
ach,2,1,2,4
ach,2,1,3,4
ach,2,1,3,3
ach,2,1,4,0
ach,2,1,4,0
ach,2,2,3,3
ach,2,2,3,4
ach,2,2,4,0
ach,2,2,4,0
ach,2,3,4,0
ach,2,3,4,0
ach,3,1,2,3
ach,3,1,2,3
ach,3,1,3,2
ach,3,1,3,2
ach,3,1,4,3
ach,3,1,4,3
ach,3,2,3,3
ach,3,2,3,2
ach,3,2,4,3
ach,3,2,4,3
ach,3,3,4,2
ach,3,3,4,2
ach,4,1,2,4
ach,4,1,2,3
ach,4,1,3,2
ach,4,1,3,2
ach,4,1,4,2
ach,4,1,4,3
ach,4,2,3,2
ach,4,2,3,3
ach,4,2,4,5
ach,4,2,4,4
ach,4,3,4,2
ach,4,3,4,2
ach,5,1,2,4
ach,5,1,2,2
ach,5,1,3,2
ach,5,1,3,3
ach,5,1,4,0
ach,5,1,4,0
ach,5,2,3,2
ach,5,2,3,2
ach,5,2,4,0
ach,5,2,4,0
ach,5,3,4,0
ach,5,3,4,0
ach,6,1,2,3
ach,6,1,2,3
ach,6,1,3,2
ach,6,1,3,3
ach,6,1,4,3
ach,6,1,4,3
ach,6,2,3,3
ach,6,2,3,3
ach,6,2,4,3
ach,6,2,4,2
ach,6,3,4,2
ach,6,3,4,2
ach,7,1,2,4
ach,7,1,2,4
ach,7,1,3,3
ach,7,1,3,2
ach,7,1,4,5
ach,7,1,4,5
ach,7,2,3,1
ach,7,2,3,1
ach,7,2,4,5
ach,7,2,4,3
ach,7,3,4,2
ach,7,3,4,2
ach,8,1,2,4
ach,8,1,2,4
ach,8,1,3,3
ach,8,1,3,3
ach,8,1,4,4
ach,8,1,4,2
ach,8,2,3,2
ach,8,2,3,3
ach,8,2,4,4
ach,8,2,4,3
ach,8,3,4,2
ach,8,3,4,2
ach,9,1,2,3
ach,9,1,2,3
ach,9,1,3,2
ach,9,1,3,2
ach,9,1,4,5
ach,9,1,4,3
ach,9,2,3,2
ach,9,2,3,2
ach,9,2,4,4
ach,9,2,4,3
ach,9,3,4,2
ach,9,3,4,1
ach,10,1,2,1
ach,10,1,2,2
ach,10,1,3,1
ach,10,1,3,1
ach,10,1,4,1
ach,10,1,4,1
ach,10,2,3,2
ach,10,2,3,2
ach,10,2,4,4
ach,10,2,4,5
ach,10,3,4,2
ach,10,3,4,2
ach,11,1,2,4
ach,11,1,2,3
ach,11,1,3,2
ach,11,1,3,3
ach,11,1,4,5
ach,11,1,4,3
ach,11,2,3,4
ach,11,2,3,4
ach,11,2,4,5
ach,11,2,4,4
ach,11,3,4,2
ach,11,3,4,3
junwoo_test,1,1,2,3
junwoo_test,1,1,2,4
junwoo_test,1,1,3,1
junwoo_test,1,1,3,2
junwoo_test,1,1,4,4
junwoo_test,1,1,4,3
junwoo_test,1,2,3,3
junwoo_test,1,2,3,2
junwoo_test,1,2,4,4
junwoo_test,1,2,4,4
junwoo_test,1,3,4,2
junwoo_test,1,3,4,2
junwoo_test,2,1,2,4
junwoo_test,2,1,2,2
junwoo_test,2,1,3,2
junwoo_test,2,1,3,2
junwoo_test,2,1,4,0
junwoo_test,2,1,4,0
junwoo_test,2,2,3,2
junwoo_test,2,2,3,3
junwoo_test,2,2,4,0
junwoo_test,2,2,4,0
junwoo_test,2,3,4,0
junwoo_test,2,3,4,0
junwoo_test,3,1,2,3
junwoo_test,3,1,2,4
junwoo_test,3,1,3,3
junwoo_test,3,1,3,2
junwoo_test,3,1,4,3
junwoo_test,3,1,4,4
junwoo_test,3,2,3,2
junwoo_test,3,2,3,2
junwoo_test,3,2,4,2
junwoo_test,3,2,4,3
junwoo_test,3,3,4,1
junwoo_test,3,3,4,2
junwoo_test,4,1,2,3
junwoo_test,4,1,2,4
junwoo_test,4,1,3,3
junwoo_test,4,1,3,2
junwoo_test,4,1,4,4
junwoo_test,4,1,4,3
junwoo_test,4,2,3,2
junwoo_test,4,2,3,2
junwoo_test,4,2,4,3
junwoo_test,4,2,4,3
junwoo_test,4,3,4,2
junwoo_test,4,3,4,2
junwoo_test,5,1,2,2
junwoo_test,5,1,2,2
junwoo_test,5,1,3,3
junwoo_test,5,1,3,2
junwoo_test,5,1,4,0
junwoo_test,5,1,4,0
junwoo_test,5,2,3,1
junwoo_test,5,2,3,2
junwoo_test,5,2,4,0
junwoo_test,5,2,4,0
junwoo_test,5,3,4,0
junwoo_test,5,3,4,0
junwoo_test,6,1,2,3
junwoo_test,6,1,2,3
junwoo_test,6,1,3,2
junwoo_test,6,1,3,2
junwoo_test,6,1,4,4
junwoo_test,6,1,4,2
junwoo_test,6,2,3,3
junwoo_test,6,2,3,2
junwoo_test,6,2,4,2
junwoo_test,6,2,4,2
junwoo_test,6,3,4,2
junwoo_test,6,3,4,2
junwoo_test,7,1,2,4
junwoo_test,7,1,2,3
junwoo_test,7,1,3,2
junwoo_test,7,1,3,2
junwoo_test,7,1,4,2
junwoo_test,7,1,4,3
junwoo_test,7,2,3,2
junwoo_test,7,2,3,2
junwoo_test,7,2,4,2
junwoo_test,7,2,4,3
junwoo_test,7,3,4,2
junwoo_test,7,3,4,2
junwoo_test,8,1,2,2
junwoo_test,8,1,2,2
junwoo_test,8,1,3,3
junwoo_test,8,1,3,2
junwoo_test,8,1,4,2
junwoo_test,8,1,4,3
junwoo_test,8,2,3,2
junwoo_test,8,2,3,2
junwoo_test,8,2,4,4
junwoo_test,8,2,4,3
junwoo_test,8,3,4,2
junwoo_test,8,3,4,2
junwoo_test,9,1,2,3
junwoo_test,9,1,2,3
junwoo_test,9,1,3,3
junwoo_test,9,1,3,3
junwoo_test,9,1,4,4
junwoo_test,9,1,4,2
junwoo_test,9,2,3,2
junwoo_test,9,2,3,3
junwoo_test,9,2,4,3
junwoo_test,9,2,4,4
junwoo_test,9,3,4,2
junwoo_test,9,3,4,2
junwoo_test,10,1,2,2
junwoo_test,10,1,2,3
junwoo_test,10,1,3,2
junwoo_test,10,1,3,3
junwoo_test,10,1,4,3
junwoo_test,10,1,4,3
junwoo_test,10,2,3,1
junwoo_test,10,2,3,2
junwoo_test,10,2,4,4
junwoo_test,10,2,4,3
junwoo_test,10,3,4,2
junwoo_test,10,3,4,2
junwoo_test,11,1,2,4
junwoo_test,11,1,2,3
junwoo_test,11,1,3,2
junwoo_test,11,1,3,2
junwoo_test,11,1,4,2
junwoo_test,11,1,4,3
junwoo_test,11,2,3,3
junwoo_test,11,2,3,2
junwoo_test,11,2,4,3
junwoo_test,11,2,4,2
junwoo_test,11,3,4,2
junwoo_test,11,3,4,2
rwn,1,1,2,4
rwn,1,1,2,5
rwn,1,1,3,2
rwn,1,1,3,2
rwn,1,1,4,5
rwn,1,1,4,5
rwn,1,2,3,3
rwn,1,2,3,2
rwn,1,2,4,3
rwn,1,2,4,5
rwn,1,3,4,3
rwn,1,3,4,2
rwn,2,1,2,3
rwn,2,1,2,4
rwn,2,1,3,4
rwn,2,1,3,3
rwn,2,1,4,0
rwn,2,1,4,0
rwn,2,2,3,4
rwn,2,2,3,4
rwn,2,2,4,0
rwn,2,2,4,0
rwn,2,3,4,0
rwn,2,3,4,0
rwn,3,1,2,5
rwn,3,1,2,5
rwn,3,1,3,3
rwn,3,1,3,2
rwn,3,1,4,5
rwn,3,1,4,5
rwn,3,2,3,3
rwn,3,2,3,2
rwn,3,2,4,4
rwn,3,2,4,5
rwn,3,3,4,4
rwn,3,3,4,1
rwn,4,1,2,4
rwn,4,1,2,3
rwn,4,1,3,3
rwn,4,1,3,2
rwn,4,1,4,4
rwn,4,1,4,5
rwn,4,2,3,2
rwn,4,2,3,2
rwn,4,2,4,4
rwn,4,2,4,4
rwn,4,3,4,2
rwn,4,3,4,2
rwn,5,1,2,5
rwn,5,1,2,5
rwn,5,1,3,2
rwn,5,1,3,2
rwn,5,1,4,0
rwn,5,1,4,0
rwn,5,2,3,3
rwn,5,2,3,2
rwn,5,2,4,0
rwn,5,2,4,0
rwn,5,3,4,0
rwn,5,3,4,0
rwn,6,1,2,5
rwn,6,1,2,4
rwn,6,1,3,3
rwn,6,1,3,2
rwn,6,1,4,4
rwn,6,1,4,5
rwn,6,2,3,4
rwn,6,2,3,2
rwn,6,2,4,5
rwn,6,2,4,3
rwn,6,3,4,3
rwn,6,3,4,3
rwn,7,1,2,2
rwn,7,1,2,5
rwn,7,1,3,3
rwn,7,1,3,1
rwn,7,1,4,5
rwn,7,1,4,5
rwn,7,2,3,2
rwn,7,2,3,2
rwn,7,2,4,4
rwn,7,2,4,4
rwn,7,3,4,2
rwn,7,3,4,2
rwn,8,1,2,5
rwn,8,1,2,5
rwn,8,1,3,3
rwn,8,1,3,3
rwn,8,1,4,5
rwn,8,1,4,5
rwn,8,2,3,3
rwn,8,2,3,3
rwn,8,2,4,5
rwn,8,2,4,5
rwn,8,3,4,3
rwn,8,3,4,4
rwn,9,1,2,4
rwn,9,1,2,5
rwn,9,1,3,3
rwn,9,1,3,3
rwn,9,1,4,5
rwn,9,1,4,5
rwn,9,2,3,4
rwn,9,2,3,3
rwn,9,2,4,4
rwn,9,2,4,3
rwn,9,3,4,3
rwn,9,3,4,3
rwn,10,1,2,1
rwn,10,1,2,1
rwn,10,1,3,2
rwn,10,1,3,1
rwn,10,1,4,2
rwn,10,1,4,2
rwn,10,2,3,2
rwn,10,2,3,3
rwn,10,2,4,3
rwn,10,2,4,4
rwn,10,3,4,3
rwn,10,3,4,3
rwn,11,1,2,4
rwn,11,1,2,5
rwn,11,1,3,3
rwn,11,1,3,3
rwn,11,1,4,5
rwn,11,1,4,5
rwn,11,2,3,4
rwn,11,2,3,3
rwn,11,2,4,4
rwn,11,2,4,4
rwn,11,3,4,3
rwn,11,3,4,3
