observer_id,display_pair,color_id,similarity
aaa,12,1,5
aaa,13,1,5
aaa,14,1,5
aaa,23,1,4
aaa,24,1,5
aaa,34,1,3
aaa,12,2,5
aaa,13,2,4
aaa,14,2,0
aaa,23,2,4
aaa,24,2,0
aaa,34,2,0
aaa,12,3,4
aaa,13,3,4
aaa,14,3,5
aaa,23,3,3
aaa,24,3,4
aaa,34,3,3
aaa,12,4,4
aaa,13,4,4
aaa,14,4,5
aaa,23,4,4
aaa,24,4,5
aaa,34,4,4
aaa,12,5,5
aaa,13,5,4
aaa,14,5,0
aaa,23,5,3
aaa,24,5,0
aaa,34,5,0
aaa,12,6,4
aaa,13,6,4
aaa,14,6,4
aaa,23,6,5
aaa,24,6,5
aaa,34,6,4
aaa,12,7,5
aaa,13,7,2
aaa,14,7,4
aaa,23,7,4
aaa,24,7,5
aaa,34,7,3
aaa,12,8,3
aaa,13,8,3
aaa,14,8,4
aaa,23,8,3
aaa,24,8,5
aaa,34,8,3
aaa,12,9,4
aaa,13,9,2
aaa,14,9,5
aaa,23,9,2
aaa,24,9,5
aaa,34,9,2
aaa,12,10,2
aaa,13,10,2
aaa,14,10,2
aaa,23,10,3
aaa,24,10,5
aaa,34,10,3
aaa,12,11,4
aaa,13,11,4
aaa,14,11,5
aaa,23,11,3
aaa,24,11,4
aaa,34,11,3
aaa,12,1,5
aaa,13,1,3
aaa,14,1,5
aaa,23,1,4
aaa,24,1,4
aaa,34,1,4
aaa,12,2,4
aaa,13,2,3
aaa,14,2,0
aaa,23,2,3
aaa,24,2,0
aaa,34,2,0
aaa,12,3,4
aaa,13,3,3
aaa,14,3,5
aaa,23,3,3
aaa,24,3,3
aaa,34,3,3
aaa,12,4,4
aaa,13,4,3
aaa,14,4,4
aaa,23,4,3
aaa,24,4,4
aaa,34,4,3
aaa,12,5,4
aaa,13,5,3
aaa,14,5,0
aaa,23,5,2
aaa,24,5,0
aaa,34,5,0
aaa,12,6,4
aaa,13,6,4
aaa,14,6,4
aaa,23,6,4
aaa,24,6,5
aaa,34,6,4
aaa,12,7,4
aaa,13,7,3
aaa,14,7,4
aaa,23,7,4
aaa,24,7,4
aaa,34,7,3
aaa,12,8,4
aaa,13,8,3
aaa,14,8,4
aaa,23,8,2
aaa,24,8,5
aaa,34,8,3
aaa,12,9,4
aaa,13,9,3
aaa,14,9,4
aaa,23,9,3
aaa,24,9,3
aaa,34,9,2
aaa,12,10,2
aaa,13,10,2
aaa,14,10,2
aaa,23,10,3
aaa,24,10,3
aaa,34,10,3
aaa,12,11,4
aaa,13,11,3
aaa,14,11,2
aaa,23,11,4
aaa,24,11,4
aaa,34,11,3
aac,12,1,4
aac,13,1,4
aac,14,1,3
aac,23,1,2
aac,24,1,3
aac,34,1,1
aac,12,2,5
aac,13,2,5
aac,14,2,0
aac,23,2,5
aac,24,2,0
aac,34,2,0
aac,12,3,5
aac,13,3,2
aac,14,3,4
aac,23,3,2
aac,24,3,4
aac,34,3,2
aac,12,4,4
aac,13,4,2
aac,14,4,5
aac,23,4,2
aac,24,4,4
aac,34,4,1
aac,12,5,5
aac,13,5,5
aac,14,5,0
aac,23,5,3
aac,24,5,0
aac,34,5,0
aac,12,6,2
aac,13,6,2
aac,14,6,4
aac,23,6,1
aac,24,6,2
aac,34,6,1
aac,12,7,2
aac,13,7,2
aac,14,7,2
aac,23,7,1
aac,24,7,3
aac,34,7,1
aac,12,8,4
aac,13,8,5
aac,14,8,4
aac,23,8,5
aac,24,8,4
aac,34,8,2
aac,12,9,4
aac,13,9,1
aac,14,9,4
aac,23,9,3
aac,24,9,3
aac,34,9,3
aac,12,10,1
aac,13,10,1
aac,14,10,1
aac,23,10,1
aac,24,10,2
aac,34,10,1
aac,12,11,3
aac,13,11,2
aac,14,11,2
aac,23,11,2
aac,24,11,5
aac,34,11,2
aac,12,1,3
aac,13,1,2
aac,14,1,3
aac,23,1,1
aac,24,1,3
aac,34,1,1
aac,12,2,5
aac,13,2,4
aac,14,2,0
aac,23,2,5
aac,24,2,0
aac,34,2,0
aac,12,3,3
aac,13,3,2
aac,14,3,4
aac,23,3,1
aac,24,3,3
aac,34,3,3
aac,12,4,4
aac,13,4,2
aac,14,4,3
aac,23,4,2
aac,24,4,3
aac,34,4,1
aac,12,5,5
aac,13,5,3
aac,14,5,0
aac,23,5,2
aac,24,5,0
aac,34,5,0
aac,12,6,3
aac,13,6,2
aac,14,6,3
aac,23,6,3
aac,24,6,2
aac,34,6,1
aac,12,7,3
aac,13,7,1
aac,14,7,2
aac,23,7,1
aac,24,7,2
aac,34,7,1
aac,12,8,5
aac,13,8,2
aac,14,8,3
aac,23,8,4
aac,24,8,5
aac,34,8,5
aac,12,9,4
aac,13,9,2
aac,14,9,4
aac,23,9,2
aac,24,9,3
aac,34,9,2
aac,12,10,1
aac,13,10,1
aac,14,10,1
aac,23,10,4
aac,24,10,3
aac,34,10,2
aac,12,11,2
aac,13,11,2
aac,14,11,4
aac,23,11,2
aac,24,11,4
aac,34,11,1
aad,12,1,5
aad,13,1,3
aad,14,1,4
aad,23,1,4
aad,24,1,5
aad,34,1,3
aad,12,2,5
aad,13,2,4
aad,14,2,0
aad,23,2,3
aad,24,2,0
aad,34,2,0
aad,12,3,5
aad,13,3,5
aad,14,3,5
aad,23,3,4
aad,24,3,4
aad,34,3,4
aad,12,4,3
aad,13,4,4
aad,14,4,4
aad,23,4,5
aad,24,4,4
aad,34,4,3
aad,12,5,5
aad,13,5,2
aad,14,5,0
aad,23,5,5
aad,24,5,0
aad,34,5,0
aad,12,6,5
aad,13,6,4
aad,14,6,4
aad,23,6,4
aad,24,6,5
aad,34,6,3
aad,12,7,5
aad,13,7,3
aad,14,7,5
aad,23,7,2
aad,24,7,5
aad,34,7,2
aad,12,8,4
aad,13,8,3
aad,14,8,5
aad,23,8,2
aad,24,8,4
aad,34,8,2
aad,12,9,4
aad,13,9,2
aad,14,9,4
aad,23,9,4
aad,24,9,5
aad,34,9,4
aad,12,10,2
aad,13,10,1
aad,14,10,2
aad,23,10,5
aad,24,10,4
aad,34,10,2
aad,12,11,4
aad,13,11,4
aad,14,11,2
aad,23,11,4
aad,24,11,5
aad,34,11,4
aad,12,1,4
aad,13,1,3
aad,14,1,5
aad,23,1,4
aad,24,1,5
aad,34,1,3
aad,12,2,3
aad,13,2,4
aad,14,2,0
aad,23,2,4
aad,24,2,0
aad,34,2,0
aad,12,3,5
aad,13,3,4
aad,14,3,5
aad,23,3,5
aad,24,3,5
aad,34,3,4
aad,12,4,4
aad,13,4,4
aad,14,4,5
aad,23,4,5
aad,24,4,3
aad,34,4,3
aad,12,5,4
aad,13,5,4
aad,14,5,0
aad,23,5,4
aad,24,5,0
aad,34,5,0
aad,12,6,4
aad,13,6,5
aad,14,6,5
aad,23,6,4
aad,24,6,4
aad,34,6,4
aad,12,7,4
aad,13,7,3
aad,14,7,5
aad,23,7,4
aad,24,7,5
aad,34,7,4
aad,12,8,5
aad,13,8,3
aad,14,8,5
aad,23,8,4
aad,24,8,4
aad,34,8,3
aad,12,9,5
aad,13,9,3
aad,14,9,5
aad,23,9,3
aad,24,9,5
aad,34,9,3
aad,12,10,2
aad,13,10,3
aad,14,10,2
aad,23,10,4
aad,24,10,5
aad,34,10,3
aad,12,11,4
aad,13,11,4
aad,14,11,5
aad,23,11,4
aad,24,11,4
aad,34,11,3
aae,12,1,5
aae,13,1,4
aae,14,1,5
aae,23,1,4
aae,24,1,3
aae,34,1,3
aae,12,2,5
aae,13,2,5
aae,14,2,0
aae,23,2,3
aae,24,2,0
aae,34,2,0
aae,12,3,5
aae,13,3,5
aae,14,3,5
aae,23,3,4
aae,24,3,5
aae,34,3,3
aae,12,4,5
aae,13,4,3
aae,14,4,4
aae,23,4,4
aae,24,4,5
aae,34,4,3
aae,12,5,5
aae,13,5,4
aae,14,5,0
aae,23,5,3
aae,24,5,0
aae,34,5,0
aae,12,6,5
aae,13,6,4
aae,14,6,4
aae,23,6,3
aae,24,6,5
aae,34,6,3
aae,12,7,5
aae,13,7,4
aae,14,7,5
aae,23,7,3
aae,24,7,5
aae,34,7,4
aae,12,8,5
aae,13,8,3
aae,14,8,5
aae,23,8,4
aae,24,8,5
aae,34,8,4
aae,12,9,5
aae,13,9,3
aae,14,9,5
aae,23,9,3
aae,24,9,5
aae,34,9,4
aae,12,10,3
aae,13,10,2
aae,14,10,3
aae,23,10,3
aae,24,10,4
aae,34,10,3
aae,12,11,5
aae,13,11,3
aae,14,11,5
aae,23,11,3
aae,24,11,5
aae,34,11,3
aae,12,1,5
aae,13,1,4
aae,14,1,4
aae,23,1,3
aae,24,1,5
aae,34,1,3
aae,12,2,5
aae,13,2,5
aae,14,2,0
aae,23,2,5
aae,24,2,0
aae,34,2,0
aae,12,3,5
aae,13,3,4
aae,14,3,5
aae,23,3,3
aae,24,3,5
aae,34,3,3
aae,12,4,5
aae,13,4,4
aae,14,4,5
aae,23,4,4
aae,24,4,5
aae,34,4,3
aae,12,5,5
aae,13,5,5
aae,14,5,0
aae,23,5,4
aae,24,5,0
aae,34,5,0
aae,12,6,5
aae,13,6,5
aae,14,6,5
aae,23,6,3
aae,24,6,5
aae,34,6,4
aae,12,7,5
aae,13,7,4
aae,14,7,5
aae,23,7,3
aae,24,7,5
aae,34,7,3
aae,12,8,5
aae,13,8,3
aae,14,8,5
aae,23,8,3
aae,24,8,5
aae,34,8,3
aae,12,9,5
aae,13,9,3
aae,14,9,5
aae,23,9,4
aae,24,9,5
aae,34,9,3
aae,12,10,2
aae,13,10,3
aae,14,10,2
aae,23,10,3
aae,24,10,5
aae,34,10,3
aae,12,11,5
aae,13,11,4
aae,14,11,5
aae,23,11,4
aae,24,11,4
aae,34,11,3
aaf,12,1,4
aaf,13,1,3
aaf,14,1,5
aaf,23,1,5
aaf,24,1,5
aaf,34,1,3
aaf,12,2,4
aaf,13,2,4
aaf,14,2,0
aaf,23,2,5
aaf,24,2,0
aaf,34,2,0
aaf,12,3,4
aaf,13,3,4
aaf,14,3,5
aaf,23,3,4
aaf,24,3,5
aaf,34,3,3
aaf,12,4,4
aaf,13,4,2
aaf,14,4,4
aaf,23,4,3
aaf,24,4,4
aaf,34,4,3
aaf,12,5,5
aaf,13,5,4
aaf,14,5,0
aaf,23,5,4
aaf,24,5,0
aaf,34,5,0
aaf,12,6,4
aaf,13,6,3
aaf,14,6,5
aaf,23,6,4
aaf,24,6,5
aaf,34,6,3
aaf,12,7,5
aaf,13,7,3
aaf,14,7,5
aaf,23,7,3
aaf,24,7,5
aaf,34,7,3
aaf,12,8,4
aaf,13,8,4
aaf,14,8,4
aaf,23,8,4
aaf,24,8,5
aaf,34,8,4
aaf,12,9,4
aaf,13,9,4
aaf,14,9,4
aaf,23,9,5
aaf,24,9,4
aaf,34,9,3
aaf,12,10,2
aaf,13,10,2
aaf,14,10,2
aaf,23,10,4
aaf,24,10,4
aaf,34,10,3
aaf,12,11,4
aaf,13,11,3
aaf,14,11,4
aaf,23,11,3
aaf,24,11,4
aaf,34,11,3
aaf,12,1,4
aaf,13,1,2
aaf,14,1,5
aaf,23,1,4
aaf,24,1,5
aaf,34,1,2
aaf,12,2,4
aaf,13,2,4
aaf,14,2,0
aaf,23,2,4
aaf,24,2,0
aaf,34,2,0
aaf,12,3,4
aaf,13,3,3
aaf,14,3,4
aaf,23,3,4
aaf,24,3,4
aaf,34,3,3
aaf,12,4,3
aaf,13,4,2
aaf,14,4,4
aaf,23,4,2
aaf,24,4,3
aaf,34,4,3
aaf,12,5,4
aaf,13,5,3
aaf,14,5,0
aaf,23,5,3
aaf,24,5,0
aaf,34,5,0
aaf,12,6,4
aaf,13,6,3
aaf,14,6,5
aaf,23,6,5
aaf,24,6,5
aaf,34,6,4
aaf,12,7,4
aaf,13,7,2
aaf,14,7,5
aaf,23,7,2
aaf,24,7,5
aaf,34,7,2
aaf,12,8,4
aaf,13,8,4
aaf,14,8,4
aaf,23,8,4
aaf,24,8,4
aaf,34,8,3
aaf,12,9,5
aaf,13,9,4
aaf,14,9,4
aaf,23,9,5
aaf,24,9,5
aaf,34,9,4
aaf,12,10,1
aaf,13,10,1
aaf,14,10,1
aaf,23,10,4
aaf,24,10,5
aaf,34,10,3
aaf,12,11,3
aaf,13,11,3
aaf,14,11,4
aaf,23,11,2
aaf,24,11,4
aaf,34,11,2
aag,12,1,5
aag,13,1,1
aag,14,1,3
aag,23,1,1
aag,24,1,5
aag,34,1,2
aag,12,2,5
aag,13,2,4
aag,14,2,0
aag,23,2,3
aag,24,2,0
aag,34,2,0
aag,12,3,5
aag,13,3,2
aag,14,3,4
aag,23,3,1
aag,24,3,5
aag,34,3,3
aag,12,4,5
aag,13,4,1
aag,14,4,2
aag,23,4,2
aag,24,4,4
aag,34,4,1
aag,12,5,5
aag,13,5,3
aag,14,5,0
aag,23,5,4
aag,24,5,0
aag,34,5,0
aag,12,6,5
aag,13,6,4
aag,14,6,5
aag,23,6,4
aag,24,6,5
aag,34,6,3
aag,12,7,5
aag,13,7,1
aag,14,7,2
aag,23,7,1
aag,24,7,5
aag,34,7,1
aag,12,8,5
aag,13,8,2
aag,14,8,4
aag,23,8,3
aag,24,8,4
aag,34,8,3
aag,12,9,5
aag,13,9,4
aag,14,9,5
aag,23,9,4
aag,24,9,4
aag,34,9,4
aag,12,10,1
aag,13,10,1
aag,14,10,1
aag,23,10,1
aag,24,10,5
aag,34,10,2
aag,12,11,4
aag,13,11,1
aag,14,11,5
aag,23,11,1
aag,24,11,5
aag,34,11,2
aag,12,1,4
aag,13,1,2
aag,14,1,4
aag,23,1,1
aag,24,1,5
aag,34,1,2
aag,12,2,5
aag,13,2,3
aag,14,2,0
aag,23,2,2
aag,24,2,0
aag,34,2,0
aag,12,3,5
aag,13,3,1
aag,14,3,5
aag,23,3,2
aag,24,3,5
aag,34,3,1
aag,12,4,4
aag,13,4,1
aag,14,4,2
aag,23,4,1
aag,24,4,5
aag,34,4,2
aag,12,5,5
aag,13,5,3
aag,14,5,0
aag,23,5,4
aag,24,5,0
aag,34,5,0
aag,12,6,1
aag,13,6,4
aag,14,6,5
aag,23,6,3
aag,24,6,5
aag,34,6,3
aag,12,7,5
aag,13,7,1
aag,14,7,1
aag,23,7,1
aag,24,7,3
aag,34,7,1
aag,12,8,5
aag,13,8,3
aag,14,8,2
aag,23,8,3
aag,24,8,5
aag,34,8,3
aag,12,9,5
aag,13,9,3
aag,14,9,4
aag,23,9,3
aag,24,9,5
aag,34,9,4
aag,12,10,1
aag,13,10,1
aag,14,10,1
aag,23,10,2
aag,24,10,4
aag,34,10,3
aag,12,11,4
aag,13,11,2
aag,14,11,3
aag,23,11,2
aag,24,11,5
aag,34,11,2
aaj,12,1,5
aaj,13,1,4
aaj,14,1,5
aaj,23,1,3
aaj,24,1,5
aaj,34,1,4
aaj,12,2,5
aaj,13,2,4
aaj,14,2,0
aaj,23,2,4
aaj,24,2,0
aaj,34,2,0
aaj,12,3,4
aaj,13,3,2
aaj,14,3,4
aaj,23,3,2
aaj,24,3,5
aaj,34,3,2
aaj,12,4,5
aaj,13,4,4
aaj,14,4,5
aaj,23,4,3
aaj,24,4,5
aaj,34,4,3
aaj,12,5,4
aaj,13,5,4
aaj,14,5,0
aaj,23,5,2
aaj,24,5,0
aaj,34,5,0
aaj,12,6,5
aaj,13,6,3
aaj,14,6,5
aaj,23,6,4
aaj,24,6,4
aaj,34,6,4
aaj,12,7,5
aaj,13,7,3
aaj,14,7,4
aaj,23,7,3
aaj,24,7,5
aaj,34,7,3
aaj,12,8,4
aaj,13,8,4
aaj,14,8,5
aaj,23,8,3
aaj,24,8,5
aaj,34,8,2
aaj,12,9,3
aaj,13,9,1
aaj,14,9,4
aaj,23,9,3
aaj,24,9,4
aaj,34,9,2
aaj,12,10,3
aaj,13,10,2
aaj,14,10,1
aaj,23,10,4
aaj,24,10,5
aaj,34,10,3
aaj,12,11,5
aaj,13,11,3
aaj,14,11,4
aaj,23,11,4
aaj,24,11,5
aaj,34,11,3
aaj,12,1,5
aaj,13,1,3
aaj,14,1,5
aaj,23,1,4
aaj,24,1,5
aaj,34,1,3
aaj,12,2,4
aaj,13,2,5
aaj,14,2,0
aaj,23,2,4
aaj,24,2,0
aaj,34,2,0
aaj,12,3,4
aaj,13,3,2
aaj,14,3,3
aaj,23,3,2
aaj,24,3,4
aaj,34,3,2
aaj,12,4,5
aaj,13,4,4
aaj,14,4,3
aaj,23,4,3
aaj,24,4,3
aaj,34,4,2
aaj,12,5,5
aaj,13,5,2
aaj,14,5,0
aaj,23,5,2
aaj,24,5,0
aaj,34,5,0
aaj,12,6,4
aaj,13,6,4
aaj,14,6,4
aaj,23,6,3
aaj,24,6,4
aaj,34,6,3
aaj,12,7,5
aaj,13,7,1
aaj,14,7,4
aaj,23,7,2
aaj,24,7,4
aaj,34,7,2
aaj,12,8,4
aaj,13,8,3
aaj,14,8,4
aaj,23,8,2
aaj,24,8,4
aaj,34,8,2
aaj,12,9,4
aaj,13,9,1
aaj,14,9,4
aaj,23,9,1
aaj,24,9,3
aaj,34,9,2
aaj,12,10,1
aaj,13,10,1
aaj,14,10,1
aaj,23,10,4
aaj,24,10,5
aaj,34,10,2
aaj,12,11,5
aaj,13,11,3
aaj,14,11,5
aaj,23,11,4
aaj,24,11,4
aaj,34,11,1
aak,12,1,5
aak,13,1,2
aak,14,1,3
aak,23,1,2
aak,24,1,4
aak,34,1,3
aak,12,2,4
aak,13,2,3
aak,14,2,0
aak,23,2,5
aak,24,2,0
aak,34,2,0
aak,12,3,5
aak,13,3,1
aak,14,3,5
aak,23,3,1
aak,24,3,5
aak,34,3,2
aak,12,4,3
aak,13,4,2
aak,14,4,2
aak,23,4,2
aak,24,4,2
aak,34,4,2
aak,12,5,3
aak,13,5,4
aak,14,5,0
aak,23,5,2
aak,24,5,0
aak,34,5,0
aak,12,6,3
aak,13,6,2
aak,14,6,4
aak,23,6,2
aak,24,6,4
aak,34,6,2
aak,12,7,4
aak,13,7,1
aak,14,7,4
aak,23,7,2
aak,24,7,3
aak,34,7,2
aak,12,8,5
aak,13,8,4
aak,14,8,4
aak,23,8,4
aak,24,8,4
aak,34,8,4
aak,12,9,4
aak,13,9,3
aak,14,9,3
aak,23,9,3
aak,24,9,4
aak,34,9,2
aak,12,10,1
aak,13,10,1
aak,14,10,1
aak,23,10,1
aak,24,10,3
aak,34,10,1
aak,12,11,3
aak,13,11,1
aak,14,11,4
aak,23,11,1
aak,24,11,3
aak,34,11,1
aak,12,1,4
aak,13,1,2
aak,14,1,4
aak,23,1,2
aak,24,1,5
aak,34,1,2
aak,12,2,5
aak,13,2,4
aak,14,2,0
aak,23,2,3
aak,24,2,0
aak,34,2,0
aak,12,3,5
aak,13,3,2
aak,14,3,5
aak,23,3,3
aak,24,3,5
aak,34,3,1
aak,12,4,4
aak,13,4,2
aak,14,4,3
aak,23,4,2
aak,24,4,2
aak,34,4,1
aak,12,5,5
aak,13,5,3
aak,14,5,0
aak,23,5,3
aak,24,5,0
aak,34,5,0
aak,12,6,3
aak,13,6,3
aak,14,6,4
aak,23,6,3
aak,24,6,3
aak,34,6,4
aak,12,7,4
aak,13,7,2
aak,14,7,4
aak,23,7,1
aak,24,7,4
aak,34,7,3
aak,12,8,5
aak,13,8,2
aak,14,8,5
aak,23,8,3
aak,24,8,4
aak,34,8,3
aak,12,9,4
aak,13,9,4
aak,14,9,4
aak,23,9,4
aak,24,9,4
aak,34,9,2
aak,12,10,1
aak,13,10,1
aak,14,10,1
aak,23,10,2
aak,24,10,2
aak,34,10,1
aak,12,11,3
aak,13,11,2
aak,14,11,5
aak,23,11,2
aak,24,11,3
aak,34,11,1
aal,12,1,5
aal,13,1,2
aal,14,1,3
aal,23,1,2
aal,24,1,2
aal,34,1,1
aal,12,2,4
aal,13,2,5
aal,14,2,0
aal,23,2,4
aal,24,2,0
aal,34,2,0
aal,12,3,4
aal,13,3,3
aal,14,3,4
aal,23,3,3
aal,24,3,5
aal,34,3,4
aal,12,4,5
aal,13,4,3
aal,14,4,5
aal,23,4,4
aal,24,4,4
aal,34,4,3
aal,12,5,2
aal,13,5,1
aal,14,5,0
aal,23,5,4
aal,24,5,0
aal,34,5,0
aal,12,6,4
aal,13,6,5
aal,14,6,4
aal,23,6,5
aal,24,6,4
aal,34,6,3
aal,12,7,3
aal,13,7,1
aal,14,7,2
aal,23,7,1
aal,24,7,5
aal,34,7,1
aal,12,8,5
aal,13,8,3
aal,14,8,4
aal,23,8,1
aal,24,8,5
aal,34,8,2
aal,12,9,5
aal,13,9,1
aal,14,9,3
aal,23,9,1
aal,24,9,4
aal,34,9,1
aal,12,10,1
aal,13,10,1
aal,14,10,1
aal,23,10,4
aal,24,10,4
aal,34,10,1
aal,12,11,5
aal,13,11,3
aal,14,11,3
aal,23,11,2
aal,24,11,5
aal,34,11,4
aal,12,1,5
aal,13,1,1
aal,14,1,4
aal,23,1,2
aal,24,1,5
aal,34,1,1
aal,12,2,5
aal,13,2,2
aal,14,2,0
aal,23,2,4
aal,24,2,0
aal,34,2,0
aal,12,3,5
aal,13,3,5
aal,14,3,4
aal,23,3,2
aal,24,3,4
aal,34,3,3
aal,12,4,5
aal,13,4,4
aal,14,4,4
aal,23,4,3
aal,24,4,5
aal,34,4,2
aal,12,5,3
aal,13,5,2
aal,14,5,0
aal,23,5,2
aal,24,5,0
aal,34,5,0
aal,12,6,5
aal,13,6,4
aal,14,6,4
aal,23,6,3
aal,24,6,5
aal,34,6,3
aal,12,7,5
aal,13,7,1
aal,14,7,4
aal,23,7,1
aal,24,7,4
aal,34,7,1
aal,12,8,4
aal,13,8,4
aal,14,8,4
aal,23,8,4
aal,24,8,4
aal,34,8,1
aal,12,9,5
aal,13,9,3
aal,14,9,4
aal,23,9,1
aal,24,9,5
aal,34,9,1
aal,12,10,1
aal,13,10,1
aal,14,10,1
aal,23,10,3
aal,24,10,5
aal,34,10,1
aal,12,11,5
aal,13,11,4
aal,14,11,4
aal,23,11,4
aal,24,11,3
aal,34,11,2
aan,12,1,3
aan,13,1,1
aan,14,1,3
aan,23,1,1
aan,24,1,3
aan,34,1,1
aan,12,2,2
aan,13,2,2
aan,14,2,0
aan,23,2,1
aan,24,2,0
aan,34,2,0
aan,12,3,5
aan,13,3,2
aan,14,3,4
aan,23,3,2
aan,24,3,3
aan,34,3,2
aan,12,4,4
aan,13,4,2
aan,14,4,3
aan,23,4,2
aan,24,4,3
aan,34,4,1
aan,12,5,2
aan,13,5,2
aan,14,5,0
aan,23,5,1
aan,24,5,0
aan,34,5,0
aan,12,6,5
aan,13,6,1
aan,14,6,3
aan,23,6,2
aan,24,6,4
aan,34,6,1
aan,12,7,4
aan,13,7,1
aan,14,7,3
aan,23,7,2
aan,24,7,2
aan,34,7,2
aan,12,8,3
aan,13,8,2
aan,14,8,3
aan,23,8,2
aan,24,8,4
aan,34,8,2
aan,12,9,4
aan,13,9,2
aan,14,9,3
aan,23,9,1
aan,24,9,3
aan,34,9,1
aan,12,10,1
aan,13,10,1
aan,14,10,1
aan,23,10,1
aan,24,10,4
aan,34,10,1
aan,12,11,4
aan,13,11,2
aan,14,11,2
aan,23,11,2
aan,24,11,3
aan,34,11,1
aan,12,1,4
aan,13,1,1
aan,14,1,4
aan,23,1,1
aan,24,1,4
aan,34,1,1
aan,12,2,5
aan,13,2,2
aan,14,2,0
aan,23,2,2
aan,24,2,0
aan,34,2,0
aan,12,3,4
aan,13,3,2
aan,14,3,5
aan,23,3,2
aan,24,3,5
aan,34,3,2
aan,12,4,3
aan,13,4,2
aan,14,4,2
aan,23,4,2
aan,24,4,3
aan,34,4,2
aan,12,5,4
aan,13,5,1
aan,14,5,0
aan,23,5,2
aan,24,5,0
aan,34,5,0
aan,12,6,4
aan,13,6,2
aan,14,6,3
aan,23,6,1
aan,24,6,4
aan,34,6,2
aan,12,7,5
aan,13,7,1
aan,14,7,4
aan,23,7,1
aan,24,7,3
aan,34,7,1
aan,12,8,4
aan,13,8,1
aan,14,8,3
aan,23,8,1
aan,24,8,4
aan,34,8,1
aan,12,9,3
aan,13,9,1
aan,14,9,4
aan,23,9,1
aan,24,9,4
aan,34,9,1
aan,12,10,1
aan,13,10,1
aan,14,10,1
aan,23,10,1
aan,24,10,3
aan,34,10,1
aan,12,11,4
aan,13,11,2
aan,14,11,3
aan,23,11,1
aan,24,11,3
aan,34,11,1
aao,12,1,3
aao,13,1,4
aao,14,1,4
aao,23,1,3
aao,24,1,3
aao,34,1,4
aao,12,2,5
aao,13,2,4
aao,14,2,0
aao,23,2,4
aao,24,2,0
aao,34,2,0
aao,12,3,4
aao,13,3,3
aao,14,3,4
aao,23,3,3
aao,24,3,4
aao,34,3,4
aao,12,4,5
aao,13,4,4
aao,14,4,4
aao,23,4,4
aao,24,4,5
aao,34,4,4
aao,12,5,4
aao,13,5,3
aao,14,5,0
aao,23,5,3
aao,24,5,0
aao,34,5,0
aao,12,6,3
aao,13,6,4
aao,14,6,4
aao,23,6,4
aao,24,6,4
aao,34,6,4
aao,12,7,3
aao,13,7,4
aao,14,7,5
aao,23,7,4
aao,24,7,4
aao,34,7,3
aao,12,8,5
aao,13,8,3
aao,14,8,4
aao,23,8,3
aao,24,8,4
aao,34,8,4
aao,12,9,5
aao,13,9,3
aao,14,9,4
aao,23,9,3
aao,24,9,4
aao,34,9,3
aao,12,10,2
aao,13,10,2
aao,14,10,1
aao,23,10,3
aao,24,10,4
aao,34,10,3
aao,12,11,4
aao,13,11,3
aao,14,11,4
aao,23,11,3
aao,24,11,4
aao,34,11,4
aao,12,1,5
aao,13,1,3
aao,14,1,4
aao,23,1,3
aao,24,1,4
aao,34,1,3
aao,12,2,5
aao,13,2,4
aao,14,2,0
aao,23,2,4
aao,24,2,0
aao,34,2,0
aao,12,3,4
aao,13,3,3
aao,14,3,5
aao,23,3,2
aao,24,3,4
aao,34,3,2
aao,12,4,5
aao,13,4,4
aao,14,4,4
aao,23,4,3
aao,24,4,4
aao,34,4,4
aao,12,5,5
aao,13,5,3
aao,14,5,0
aao,23,5,3
aao,24,5,0
aao,34,5,0
aao,12,6,4
aao,13,6,4
aao,14,6,4
aao,23,6,3
aao,24,6,5
aao,34,6,3
aao,12,7,4
aao,13,7,4
aao,14,7,4
aao,23,7,3
aao,24,7,5
aao,34,7,3
aao,12,8,4
aao,13,8,3
aao,14,8,4
aao,23,8,3
aao,24,8,5
aao,34,8,3
aao,12,9,5
aao,13,9,2
aao,14,9,3
aao,23,9,3
aao,24,9,3
aao,34,9,3
aao,12,10,2
aao,13,10,1
aao,14,10,2
aao,23,10,2
aao,24,10,3
aao,34,10,3
aao,12,11,4
aao,13,11,3
aao,14,11,4
aao,23,11,3
aao,24,11,5
aao,34,11,3
aap,12,1,5
aap,13,1,3
aap,14,1,5
aap,23,1,3
aap,24,1,5
aap,34,1,2
aap,12,2,5
aap,13,2,4
aap,14,2,0
aap,23,2,2
aap,24,2,0
aap,34,2,0
aap,12,3,5
aap,13,3,2
aap,14,3,5
aap,23,3,4
aap,24,3,5
aap,34,3,4
aap,12,4,5
aap,13,4,5
aap,14,4,3
aap,23,4,3
aap,24,4,4
aap,34,4,2
aap,12,5,5
aap,13,5,5
aap,14,5,0
aap,23,5,4
aap,24,5,0
aap,34,5,0
aap,12,6,5
aap,13,6,4
aap,14,6,4
aap,23,6,5
aap,24,6,5
aap,34,6,3
aap,12,7,5
aap,13,7,3
aap,14,7,5
aap,23,7,3
aap,24,7,5
aap,34,7,2
aap,12,8,4
aap,13,8,4
aap,14,8,5
aap,23,8,5
aap,24,8,5
aap,34,8,2
aap,12,9,5
aap,13,9,3
aap,14,9,5
aap,23,9,4
aap,24,9,5
aap,34,9,3
aap,12,10,1
aap,13,10,1
aap,14,10,3
aap,23,10,4
aap,24,10,5
aap,34,10,4
aap,12,11,5
aap,13,11,5
aap,14,11,5
aap,23,11,3
aap,24,11,5
aap,34,11,1
aap,12,1,5
aap,13,1,3
aap,14,1,5
aap,23,1,3
aap,24,1,4
aap,34,1,3
aap,12,2,4
aap,13,2,3
aap,14,2,0
aap,23,2,3
aap,24,2,0
aap,34,2,0
aap,12,3,5
aap,13,3,4
aap,14,3,5
aap,23,3,3
aap,24,3,5
aap,34,3,3
aap,12,4,4
aap,13,4,3
aap,14,4,5
aap,23,4,2
aap,24,4,4
aap,34,4,3
aap,12,5,5
aap,13,5,1
aap,14,5,0
aap,23,5,3
aap,24,5,0
aap,34,5,0
aap,12,6,5
aap,13,6,4
aap,14,6,5
aap,23,6,4
aap,24,6,5
aap,34,6,4
aap,12,7,5
aap,13,7,3
aap,14,7,5
aap,23,7,2
aap,24,7,5
aap,34,7,1
aap,12,8,3
aap,13,8,2
aap,14,8,4
aap,23,8,2
aap,24,8,4
aap,34,8,2
aap,12,9,5
aap,13,9,3
aap,14,9,5
aap,23,9,2
aap,24,9,4
aap,34,9,2
aap,12,10,1
aap,13,10,3
aap,14,10,1
aap,23,10,2
aap,24,10,4
aap,34,10,3
aap,12,11,3
aap,13,11,4
aap,14,11,5
aap,23,11,2
aap,24,11,5
aap,34,11,2
aaq,12,1,2
aaq,13,1,3
aaq,14,1,5
aaq,23,1,3
aaq,24,1,3
aaq,34,1,5
aaq,12,2,3
aaq,13,2,3
aaq,14,2,0
aaq,23,2,4
aaq,24,2,0
aaq,34,2,0
aaq,12,3,4
aaq,13,3,2
aaq,14,3,4
aaq,23,3,4
aaq,24,3,3
aaq,34,3,2
aaq,12,4,4
aaq,13,4,3
aaq,14,4,4
aaq,23,4,5
aaq,24,4,5
aaq,34,4,2
aaq,12,5,3
aaq,13,5,3
aaq,14,5,0
aaq,23,5,3
aaq,24,5,0
aaq,34,5,0
aaq,12,6,3
aaq,13,6,3
aaq,14,6,4
aaq,23,6,3
aaq,24,6,4
aaq,34,6,4
aaq,12,7,4
aaq,13,7,3
aaq,14,7,5
aaq,23,7,3
aaq,24,7,4
aaq,34,7,3
aaq,12,8,5
aaq,13,8,3
aaq,14,8,4
aaq,23,8,3
aaq,24,8,4
aaq,34,8,4
aaq,12,9,5
aaq,13,9,4
aaq,14,9,5
aaq,23,9,2
aaq,24,9,3
aaq,34,9,3
aaq,12,10,2
aaq,13,10,2
aaq,14,10,2
aaq,23,10,4
aaq,24,10,5
aaq,34,10,4
aaq,12,11,5
aaq,13,11,4
aaq,14,11,5
aaq,23,11,5
aaq,24,11,5
aaq,34,11,2
aaq,12,1,5
aaq,13,1,3
aaq,14,1,5
aaq,23,1,2
aaq,24,1,3
aaq,34,1,4
aaq,12,2,4
aaq,13,2,2
aaq,14,2,0
aaq,23,2,3
aaq,24,2,0
aaq,34,2,0
aaq,12,3,5
aaq,13,3,2
aaq,14,3,4
aaq,23,3,3
aaq,24,3,3
aaq,34,3,2
aaq,12,4,5
aaq,13,4,3
aaq,14,4,5
aaq,23,4,3
aaq,24,4,5
aaq,34,4,3
aaq,12,5,3
aaq,13,5,2
aaq,14,5,0
aaq,23,5,2
aaq,24,5,0
aaq,34,5,0
aaq,12,6,3
aaq,13,6,3
aaq,14,6,3
aaq,23,6,2
aaq,24,6,5
aaq,34,6,4
aaq,12,7,4
aaq,13,7,2
aaq,14,7,4
aaq,23,7,4
aaq,24,7,4
aaq,34,7,4
aaq,12,8,4
aaq,13,8,4
aaq,14,8,5
aaq,23,8,3
aaq,24,8,4
aaq,34,8,2
aaq,12,9,4
aaq,13,9,3
aaq,14,9,4
aaq,23,9,3
aaq,24,9,4
aaq,34,9,2
aaq,12,10,2
aaq,13,10,2
aaq,14,10,2
aaq,23,10,3
aaq,24,10,4
aaq,34,10,4
aaq,12,11,5
aaq,13,11,2
aaq,14,11,4
aaq,23,11,2
aaq,24,11,5
aaq,34,11,3
aar,12,1,5
aar,13,1,2
aar,14,1,4
aar,23,1,2
aar,24,1,4
aar,34,1,2
aar,12,2,5
aar,13,2,2
aar,14,2,0
aar,23,2,3
aar,24,2,0
aar,34,2,0
aar,12,3,5
aar,13,3,2
aar,14,3,3
aar,23,3,2
aar,24,3,5
aar,34,3,3
aar,12,4,5
aar,13,4,2
aar,14,4,3
aar,23,4,2
aar,24,4,3
aar,34,4,3
aar,12,5,4
aar,13,5,2
aar,14,5,0
aar,23,5,2
aar,24,5,0
aar,34,5,0
aar,12,6,4
aar,13,6,2
aar,14,6,4
aar,23,6,2
aar,24,6,4
aar,34,6,2
aar,12,7,5
aar,13,7,2
aar,14,7,5
aar,23,7,2
aar,24,7,4
aar,34,7,2
aar,12,8,4
aar,13,8,2
aar,14,8,5
aar,23,8,2
aar,24,8,5
aar,34,8,2
aar,12,9,5
aar,13,9,2
aar,14,9,5
aar,23,9,2
aar,24,9,5
aar,34,9,2
aar,12,10,2
aar,13,10,3
aar,14,10,4
aar,23,10,2
aar,24,10,5
aar,34,10,3
aar,12,11,4
aar,13,11,3
aar,14,11,5
aar,23,11,2
aar,24,11,5
aar,34,11,2
aar,12,1,5
aar,13,1,2
aar,14,1,4
aar,23,1,2
aar,24,1,5
aar,34,1,2
aar,12,2,4
aar,13,2,3
aar,14,2,0
aar,23,2,2
aar,24,2,0
aar,34,2,0
aar,12,3,5
aar,13,3,2
aar,14,3,5
aar,23,3,2
aar,24,3,5
aar,34,3,2
aar,12,4,5
aar,13,4,3
aar,14,4,5
aar,23,4,4
aar,24,4,5
aar,34,4,3
aar,12,5,5
aar,13,5,2
aar,14,5,0
aar,23,5,2
aar,24,5,0
aar,34,5,0
aar,12,6,5
aar,13,6,2
aar,14,6,3
aar,23,6,2
aar,24,6,5
aar,34,6,2
aar,12,7,5
aar,13,7,2
aar,14,7,4
aar,23,7,1
aar,24,7,5
aar,34,7,2
aar,12,8,5
aar,13,8,3
aar,14,8,5
aar,23,8,3
aar,24,8,5
aar,34,8,2
aar,12,9,5
aar,13,9,2
aar,14,9,5
aar,23,9,2
aar,24,9,5
aar,34,9,3
aar,12,10,2
aar,13,10,2
aar,14,10,3
aar,23,10,2
aar,24,10,5
aar,34,10,2
aar,12,11,5
aar,13,11,3
aar,14,11,5
aar,23,11,2
aar,24,11,4
aar,34,11,4
aas,12,1,4
aas,13,1,3
aas,14,1,3
aas,23,1,2
aas,24,1,4
aas,34,1,3
aas,12,2,5
aas,13,2,5
aas,14,2,0
aas,23,2,4
aas,24,2,0
aas,34,2,0
aas,12,3,5
aas,13,3,2
aas,14,3,5
aas,23,3,2
aas,24,3,5
aas,34,3,3
aas,12,4,2
aas,13,4,4
aas,14,4,3
aas,23,4,4
aas,24,4,3
aas,34,4,3
aas,12,5,3
aas,13,5,3
aas,14,5,0
aas,23,5,2
aas,24,5,0
aas,34,5,0
aas,12,6,3
aas,13,6,4
aas,14,6,3
aas,23,6,3
aas,24,6,3
aas,34,6,3
aas,12,7,3
aas,13,7,4
aas,14,7,5
aas,23,7,2
aas,24,7,5
aas,34,7,2
aas,12,8,4
aas,13,8,3
aas,14,8,4
aas,23,8,4
aas,24,8,4
aas,34,8,2
aas,12,9,5
aas,13,9,2
aas,14,9,5
aas,23,9,2
aas,24,9,5
aas,34,9,2
aas,12,10,1
aas,13,10,2
aas,14,10,1
aas,23,10,4
aas,24,10,4
aas,34,10,2
aas,12,11,5
aas,13,11,5
aas,14,11,4
aas,23,11,3
aas,24,11,5
aas,34,11,3
aas,12,1,5
aas,13,1,4
aas,14,1,2
aas,23,1,4
aas,24,1,4
aas,34,1,4
aas,12,2,4
aas,13,2,2
aas,14,2,0
aas,23,2,4
aas,24,2,0
aas,34,2,0
aas,12,3,5
aas,13,3,2
aas,14,3,5
aas,23,3,2
aas,24,3,4
aas,34,3,2
aas,12,4,4
aas,13,4,4
aas,14,4,3
aas,23,4,3
aas,24,4,3
aas,34,4,2
aas,12,5,5
aas,13,5,3
aas,14,5,0
aas,23,5,2
aas,24,5,0
aas,34,5,0
aas,12,6,3
aas,13,6,4
aas,14,6,3
aas,23,6,3
aas,24,6,3
aas,34,6,3
aas,12,7,3
aas,13,7,2
aas,14,7,3
aas,23,7,3
aas,24,7,4
aas,34,7,3
aas,12,8,3
aas,13,8,2
aas,14,8,3
aas,23,8,3
aas,24,8,3
aas,34,8,2
aas,12,9,5
aas,13,9,2
aas,14,9,3
aas,23,9,2
aas,24,9,4
aas,34,9,2
aas,12,10,2
aas,13,10,2
aas,14,10,2
aas,23,10,3
aas,24,10,5
aas,34,10,2
aas,12,11,4
aas,13,11,2
aas,14,11,5
aas,23,11,4
aas,24,11,5
aas,34,11,4
aat,12,1,5
aat,13,1,4
aat,14,1,5
aat,23,1,1
aat,24,1,4
aat,34,1,3
aat,12,2,3
aat,13,2,1
aat,14,2,0
aat,23,2,3
aat,24,2,0
aat,34,2,0
aat,12,3,5
aat,13,3,1
aat,14,3,5
aat,23,3,3
aat,24,3,4
aat,34,3,1
aat,12,4,4
aat,13,4,4
aat,14,4,5
aat,23,4,4
aat,24,4,5
aat,34,4,3
aat,12,5,4
aat,13,5,1
aat,14,5,0
aat,23,5,2
aat,24,5,0
aat,34,5,0
aat,12,6,4
aat,13,6,4
aat,14,6,5
aat,23,6,4
aat,24,6,4
aat,34,6,3
aat,12,7,3
aat,13,7,1
aat,14,7,5
aat,23,7,1
aat,24,7,4
aat,34,7,1
aat,12,8,3
aat,13,8,1
aat,14,8,5
aat,23,8,3
aat,24,8,4
aat,34,8,1
aat,12,9,5
aat,13,9,1
aat,14,9,5
aat,23,9,1
aat,24,9,4
aat,34,9,3
aat,12,10,1
aat,13,10,1
aat,14,10,1
aat,23,10,2
aat,24,10,3
aat,34,10,2
aat,12,11,4
aat,13,11,1
aat,14,11,5
aat,23,11,1
aat,24,11,5
aat,34,11,2
aat,12,1,2
aat,13,1,3
aat,14,1,5
aat,23,1,1
aat,24,1,4
aat,34,1,1
aat,12,2,5
aat,13,2,1
aat,14,2,0
aat,23,2,2
aat,24,2,0
aat,34,2,0
aat,12,3,4
aat,13,3,1
aat,14,3,1
aat,23,3,1
aat,24,3,4
aat,34,3,1
aat,12,4,4
aat,13,4,1
aat,14,4,5
aat,23,4,3
aat,24,4,4
aat,34,4,1
aat,12,5,4
aat,13,5,1
aat,14,5,0
aat,23,5,1
aat,24,5,0
aat,34,5,0
aat,12,6,4
aat,13,6,1
aat,14,6,2
aat,23,6,2
aat,24,6,3
aat,34,6,2
aat,12,7,3
aat,13,7,1
aat,14,7,2
aat,23,7,1
aat,24,7,2
aat,34,7,1
aat,12,8,4
aat,13,8,1
aat,14,8,3
aat,23,8,1
aat,24,8,3
aat,34,8,1
aat,12,9,2
aat,13,9,1
aat,14,9,5
aat,23,9,1
aat,24,9,5
aat,34,9,1
aat,12,10,1
aat,13,10,1
aat,14,10,1
aat,23,10,1
aat,24,10,4
aat,34,10,1
aat,12,11,3
aat,13,11,1
aat,14,11,4
aat,23,11,2
aat,24,11,2
aat,34,11,1
aau,12,1,3
aau,13,1,2
aau,14,1,4
aau,23,1,2
aau,24,1,3
aau,34,1,2
aau,12,2,4
aau,13,2,3
aau,14,2,0
aau,23,2,3
aau,24,2,0
aau,34,2,0
aau,12,3,3
aau,13,3,2
aau,14,3,3
aau,23,3,3
aau,24,3,4
aau,34,3,2
aau,12,4,4
aau,13,4,2
aau,14,4,2
aau,23,4,4
aau,24,4,4
aau,34,4,2
aau,12,5,3
aau,13,5,3
aau,14,5,0
aau,23,5,3
aau,24,5,0
aau,34,5,0
aau,12,6,4
aau,13,6,2
aau,14,6,2
aau,23,6,2
aau,24,6,5
aau,34,6,3
aau,12,7,3
aau,13,7,2
aau,14,7,4
aau,23,7,3
aau,24,7,4
aau,34,7,3
aau,12,8,4
aau,13,8,2
aau,14,8,3
aau,23,8,2
aau,24,8,3
aau,34,8,2
aau,12,9,4
aau,13,9,2
aau,14,9,4
aau,23,9,2
aau,24,9,4
aau,34,9,2
aau,12,10,2
aau,13,10,2
aau,14,10,2
aau,23,10,2
aau,24,10,5
aau,34,10,3
aau,12,11,5
aau,13,11,4
aau,14,11,5
aau,23,11,4
aau,24,11,5
aau,34,11,3
aau,12,1,3
aau,13,1,2
aau,14,1,3
aau,23,1,2
aau,24,1,2
aau,34,1,2
aau,12,2,3
aau,13,2,1
aau,14,2,0
aau,23,2,3
aau,24,2,0
aau,34,2,0
aau,12,3,4
aau,13,3,1
aau,14,3,4
aau,23,3,3
aau,24,3,4
aau,34,3,2
aau,12,4,3
aau,13,4,1
aau,14,4,2
aau,23,4,2
aau,24,4,4
aau,34,4,1
aau,12,5,3
aau,13,5,2
aau,14,5,0
aau,23,5,2
aau,24,5,0
aau,34,5,0
aau,12,6,3
aau,13,6,2
aau,14,6,4
aau,23,6,2
aau,24,6,4
aau,34,6,2
aau,12,7,2
aau,13,7,2
aau,14,7,2
aau,23,7,1
aau,24,7,4
aau,34,7,2
aau,12,8,3
aau,13,8,2
aau,14,8,3
aau,23,8,3
aau,24,8,2
aau,34,8,3
aau,12,9,3
aau,13,9,2
aau,14,9,3
aau,23,9,1
aau,24,9,4
aau,34,9,2
aau,12,10,1
aau,13,10,1
aau,14,10,2
aau,23,10,2
aau,24,10,4
aau,34,10,3
aau,12,11,4
aau,13,11,2
aau,14,11,4
aau,23,11,3
aau,24,11,4
aau,34,11,2
aav,12,1,5
aav,13,1,5
aav,14,1,5
aav,23,1,3
aav,24,1,5
aav,34,1,4
aav,12,2,5
aav,13,2,5
aav,14,2,0
aav,23,2,5
aav,24,2,0
aav,34,2,0
aav,12,3,4
aav,13,3,3
aav,14,3,5
aav,23,3,4
aav,24,3,5
aav,34,3,4
aav,12,4,5
aav,13,4,3
aav,14,4,4
aav,23,4,3
aav,24,4,5
aav,34,4,3
aav,12,5,5
aav,13,5,4
aav,14,5,0
aav,23,5,3
aav,24,5,0
aav,34,5,0
aav,12,6,5
aav,13,6,4
aav,14,6,5
aav,23,6,4
aav,24,6,5
aav,34,6,5
aav,12,7,5
aav,13,7,3
aav,14,7,5
aav,23,7,4
aav,24,7,5
aav,34,7,4
aav,12,8,5
aav,13,8,4
aav,14,8,4
aav,23,8,4
aav,24,8,5
aav,34,8,4
aav,12,9,5
aav,13,9,4
aav,14,9,5
aav,23,9,4
aav,24,9,5
aav,34,9,4
aav,12,10,2
aav,13,10,2
aav,14,10,4
aav,23,10,4
aav,24,10,3
aav,34,10,4
aav,12,11,5
aav,13,11,3
aav,14,11,4
aav,23,11,3
aav,24,11,5
aav,34,11,4
aav,12,1,5
aav,13,1,3
aav,14,1,5
aav,23,1,4
aav,24,1,5
aav,34,1,3
aav,12,2,5
aav,13,2,4
aav,14,2,0
aav,23,2,4
aav,24,2,0
aav,34,2,0
aav,12,3,5
aav,13,3,3
aav,14,3,5
aav,23,3,3
aav,24,3,4
aav,34,3,3
aav,12,4,4
aav,13,4,3
aav,14,4,3
aav,23,4,4
aav,24,4,5
aav,34,4,3
aav,12,5,4
aav,13,5,4
aav,14,5,0
aav,23,5,3
aav,24,5,0
aav,34,5,0
aav,12,6,5
aav,13,6,4
aav,14,6,4
aav,23,6,4
aav,24,6,4
aav,34,6,3
aav,12,7,4
aav,13,7,3
aav,14,7,4
aav,23,7,3
aav,24,7,5
aav,34,7,3
aav,12,8,5
aav,13,8,3
aav,14,8,3
aav,23,8,3
aav,24,8,4
aav,34,8,4
aav,12,9,5
aav,13,9,3
aav,14,9,5
aav,23,9,3
aav,24,9,5
aav,34,9,4
aav,12,10,3
aav,13,10,3
aav,14,10,4
aav,23,10,2
aav,24,10,5
aav,34,10,3
aav,12,11,4
aav,13,11,2
aav,14,11,3
aav,23,11,3
aav,24,11,5
aav,34,11,4
aaw,12,1,5
aaw,13,1,3
aaw,14,1,5
aaw,23,1,2
aaw,24,1,2
aaw,34,1,3
aaw,12,2,4
aaw,13,2,3
aaw,14,2,0
aaw,23,2,2
aaw,24,2,0
aaw,34,2,0
aaw,12,3,4
aaw,13,3,2
aaw,14,3,3
aaw,23,3,3
aaw,24,3,4
aaw,34,3,3
aaw,12,4,5
aaw,13,4,3
aaw,14,4,4
aaw,23,4,3
aaw,24,4,4
aaw,34,4,4
aaw,12,5,3
aaw,13,5,2
aaw,14,5,0
aaw,23,5,2
aaw,24,5,0
aaw,34,5,0
aaw,12,6,5
aaw,13,6,3
aaw,14,6,2
aaw,23,6,3
aaw,24,6,4
aaw,34,6,3
aaw,12,7,4
aaw,13,7,2
aaw,14,7,4
aaw,23,7,3
aaw,24,7,4
aaw,34,7,3
aaw,12,8,4
aaw,13,8,2
aaw,14,8,3
aaw,23,8,2
aaw,24,8,4
aaw,34,8,2
aaw,12,9,5
aaw,13,9,3
aaw,14,9,5
aaw,23,9,2
aaw,24,9,4
aaw,34,9,3
aaw,12,10,1
aaw,13,10,2
aaw,14,10,1
aaw,23,10,2
aaw,24,10,2
aaw,34,10,3
aaw,12,11,5
aaw,13,11,3
aaw,14,11,4
aaw,23,11,4
aaw,24,11,5
aaw,34,11,3
aaw,12,1,4
aaw,13,1,3
aaw,14,1,5
aaw,23,1,3
aaw,24,1,4
aaw,34,1,3
aaw,12,2,4
aaw,13,2,3
aaw,14,2,0
aaw,23,2,3
aaw,24,2,0
aaw,34,2,0
aaw,12,3,4
aaw,13,3,3
aaw,14,3,3
aaw,23,3,3
aaw,24,3,4
aaw,34,3,4
aaw,12,4,5
aaw,13,4,3
aaw,14,4,3
aaw,23,4,3
aaw,24,4,4
aaw,34,4,3
aaw,12,5,5
aaw,13,5,3
aaw,14,5,0
aaw,23,5,4
aaw,24,5,0
aaw,34,5,0
aaw,12,6,3
aaw,13,6,3
aaw,14,6,4
aaw,23,6,4
aaw,24,6,4
aaw,34,6,3
aaw,12,7,5
aaw,13,7,3
aaw,14,7,4
aaw,23,7,1
aaw,24,7,2
aaw,34,7,2
aaw,12,8,4
aaw,13,8,3
aaw,14,8,5
aaw,23,8,3
aaw,24,8,4
aaw,34,8,3
aaw,12,9,5
aaw,13,9,3
aaw,14,9,3
aaw,23,9,3
aaw,24,9,4
aaw,34,9,3
aaw,12,10,1
aaw,13,10,2
aaw,14,10,1
aaw,23,10,3
aaw,24,10,3
aaw,34,10,3
aaw,12,11,4
aaw,13,11,4
aaw,14,11,1
aaw,23,11,3
aaw,24,11,4
aaw,34,11,4
aax,12,1,5
aax,13,1,4
aax,14,1,5
aax,23,1,3
aax,24,1,5
aax,34,1,4
aax,12,2,5
aax,13,2,5
aax,14,2,0
aax,23,2,4
aax,24,2,0
aax,34,2,0
aax,12,3,4
aax,13,3,4
aax,14,3,5
aax,23,3,5
aax,24,3,5
aax,34,3,2
aax,12,4,5
aax,13,4,2
aax,14,4,4
aax,23,4,2
aax,24,4,5
aax,34,4,1
aax,12,5,4
aax,13,5,5
aax,14,5,0
aax,23,5,5
aax,24,5,0
aax,34,5,0
aax,12,6,4
aax,13,6,4
aax,14,6,4
aax,23,6,4
aax,24,6,4
aax,34,6,4
aax,12,7,5
aax,13,7,1
aax,14,7,5
aax,23,7,2
aax,24,7,5
aax,34,7,1
aax,12,8,5
aax,13,8,3
aax,14,8,4
aax,23,8,3
aax,24,8,3
aax,34,8,4
aax,12,9,5
aax,13,9,3
aax,14,9,5
aax,23,9,4
aax,24,9,5
aax,34,9,4
aax,12,10,1
aax,13,10,1
aax,14,10,1
aax,23,10,1
aax,24,10,5
aax,34,10,1
aax,12,11,5
aax,13,11,2
aax,14,11,5
aax,23,11,2
aax,24,11,5
aax,34,11,2
aax,12,1,4
aax,13,1,2
aax,14,1,4
aax,23,1,3
aax,24,1,5
aax,34,1,3
aax,12,2,5
aax,13,2,5
aax,14,2,0
aax,23,2,4
aax,24,2,0
aax,34,2,0
aax,12,3,5
aax,13,3,4
aax,14,3,5
aax,23,3,3
aax,24,3,5
aax,34,3,4
aax,12,4,5
aax,13,4,3
aax,14,4,5
aax,23,4,4
aax,24,4,5
aax,34,4,2
aax,12,5,5
aax,13,5,4
aax,14,5,0
aax,23,5,4
aax,24,5,0
aax,34,5,0
aax,12,6,5
aax,13,6,3
aax,14,6,4
aax,23,6,4
aax,24,6,5
aax,34,6,4
aax,12,7,5
aax,13,7,2
aax,14,7,5
aax,23,7,3
aax,24,7,5
aax,34,7,3
aax,12,8,5
aax,13,8,4
aax,14,8,5
aax,23,8,4
aax,24,8,5
aax,34,8,3
aax,12,9,5
aax,13,9,4
aax,14,9,5
aax,23,9,3
aax,24,9,5
aax,34,9,4
aax,12,10,1
aax,13,10,2
aax,14,10,1
aax,23,10,2
aax,24,10,5
aax,34,10,2
aax,12,11,5
aax,13,11,5
aax,14,11,5
aax,23,11,2
aax,24,11,5
aax,34,11,3
aay,12,1,5
aay,13,1,4
aay,14,1,4
aay,23,1,4
aay,24,1,5
aay,34,1,3
aay,12,2,5
aay,13,2,4
aay,14,2,0
aay,23,2,5
aay,24,2,0
aay,34,2,0
aay,12,3,4
aay,13,3,4
aay,14,3,4
aay,23,3,3
aay,24,3,3
aay,34,3,3
aay,12,4,4
aay,13,4,5
aay,14,4,4
aay,23,4,5
aay,24,4,4
aay,34,4,3
aay,12,5,5
aay,13,5,4
aay,14,5,0
aay,23,5,5
aay,24,5,0
aay,34,5,0
aay,12,6,5
aay,13,6,4
aay,14,6,4
aay,23,6,4
aay,24,6,5
aay,34,6,4
aay,12,7,5
aay,13,7,4
aay,14,7,5
aay,23,7,3
aay,24,7,3
aay,34,7,3
aay,12,8,5
aay,13,8,4
aay,14,8,4
aay,23,8,5
aay,24,8,5
aay,34,8,4
aay,12,9,5
aay,13,9,4
aay,14,9,4
aay,23,9,5
aay,24,9,4
aay,34,9,4
aay,12,10,4
aay,13,10,3
aay,14,10,3
aay,23,10,5
aay,24,10,4
aay,34,10,4
aay,12,11,5
aay,13,11,4
aay,14,11,5
aay,23,11,5
aay,24,11,5
aay,34,11,5
aay,12,1,4
aay,13,1,4
aay,14,1,4
aay,23,1,4
aay,24,1,4
aay,34,1,4
aay,12,2,5
aay,13,2,4
aay,14,2,0
aay,23,2,5
aay,24,2,0
aay,34,2,0
aay,12,3,4
aay,13,3,3
aay,14,3,4
aay,23,3,3
aay,24,3,5
aay,34,3,3
aay,12,4,4
aay,13,4,5
aay,14,4,4
aay,23,4,4
aay,24,4,4
aay,34,4,4
aay,12,5,4
aay,13,5,4
aay,14,5,0
aay,23,5,4
aay,24,5,0
aay,34,5,0
aay,12,6,5
aay,13,6,5
aay,14,6,4
aay,23,6,4
aay,24,6,4
aay,34,6,3
aay,12,7,5
aay,13,7,3
aay,14,7,4
aay,23,7,4
aay,24,7,4
aay,34,7,4
aay,12,8,5
aay,13,8,4
aay,14,8,5
aay,23,8,5
aay,24,8,4
aay,34,8,4
aay,12,9,5
aay,13,9,4
aay,14,9,4
aay,23,9,4
aay,24,9,4
aay,34,9,4
aay,12,10,4
aay,13,10,4
aay,14,10,3
aay,23,10,4
aay,24,10,4
aay,34,10,4
aay,12,11,5
aay,13,11,4
aay,14,11,4
aay,23,11,5
aay,24,11,4
aay,34,11,4
aaz,12,1,5
aaz,13,1,3
aaz,14,1,5
aaz,23,1,2
aaz,24,1,5
aaz,34,1,4
aaz,12,2,3
aaz,13,2,2
aaz,14,2,0
aaz,23,2,3
aaz,24,2,0
aaz,34,2,0
aaz,12,3,3
aaz,13,3,2
aaz,14,3,4
aaz,23,3,2
aaz,24,3,5
aaz,34,3,5
aaz,12,4,5
aaz,13,4,1
aaz,14,4,5
aaz,23,4,2
aaz,24,4,4
aaz,34,4,2
aaz,12,5,3
aaz,13,5,4
aaz,14,5,0
aaz,23,5,2
aaz,24,5,0
aaz,34,5,0
aaz,12,6,4
aaz,13,6,3
aaz,14,6,5
aaz,23,6,3
aaz,24,6,5
aaz,34,6,4
aaz,12,7,5
aaz,13,7,4
aaz,14,7,4
aaz,23,7,4
aaz,24,7,5
aaz,34,7,2
aaz,12,8,3
aaz,13,8,2
aaz,14,8,5
aaz,23,8,1
aaz,24,8,5
aaz,34,8,2
aaz,12,9,3
aaz,13,9,3
aaz,14,9,4
aaz,23,9,4
aaz,24,9,3
aaz,34,9,4
aaz,12,10,1
aaz,13,10,1
aaz,14,10,2
aaz,23,10,2
aaz,24,10,4
aaz,34,10,3
aaz,12,11,3
aaz,13,11,1
aaz,14,11,3
aaz,23,11,1
aaz,24,11,4
aaz,34,11,1
aaz,12,1,3
aaz,13,1,5
aaz,14,1,4
aaz,23,1,3
aaz,24,1,4
aaz,34,1,5
aaz,12,2,3
aaz,13,2,2
aaz,14,2,0
aaz,23,2,3
aaz,24,2,0
aaz,34,2,0
aaz,12,3,4
aaz,13,3,3
aaz,14,3,5
aaz,23,3,4
aaz,24,3,4
aaz,34,3,4
aaz,12,4,5
aaz,13,4,2
aaz,14,4,4
aaz,23,4,3
aaz,24,4,3
aaz,34,4,2
aaz,12,5,3
aaz,13,5,2
aaz,14,5,0
aaz,23,5,2
aaz,24,5,0
aaz,34,5,0
aaz,12,6,5
aaz,13,6,2
aaz,14,6,4
aaz,23,6,5
aaz,24,6,5
aaz,34,6,4
aaz,12,7,3
aaz,13,7,5
aaz,14,7,4
aaz,23,7,5
aaz,24,7,5
aaz,34,7,4
aaz,12,8,3
aaz,13,8,2
aaz,14,8,4
aaz,23,8,2
aaz,24,8,2
aaz,34,8,2
aaz,12,9,3
aaz,13,9,3
aaz,14,9,3
aaz,23,9,3
aaz,24,9,3
aaz,34,9,2
aaz,12,10,1
aaz,13,10,1
aaz,14,10,1
aaz,23,10,2
aaz,24,10,3
aaz,34,10,2
aaz,12,11,5
aaz,13,11,1
aaz,14,11,2
aaz,23,11,2
aaz,24,11,5
aaz,34,11,3
aba,12,1,4
aba,13,1,3
aba,14,1,4
aba,23,1,2
aba,24,1,4
aba,34,1,2
aba,12,2,4
aba,13,2,3
aba,14,2,0
aba,23,2,3
aba,24,2,0
aba,34,2,0
aba,12,3,4
aba,13,3,1
aba,14,3,4
aba,23,3,2
aba,24,3,4
aba,34,3,4
aba,12,4,4
aba,13,4,3
aba,14,4,4
aba,23,4,3
aba,24,4,4
aba,34,4,2
aba,12,5,2
aba,13,5,2
aba,14,5,0
aba,23,5,2
aba,24,5,0
aba,34,5,0
aba,12,6,2
aba,13,6,2
aba,14,6,4
aba,23,6,3
aba,24,6,4
aba,34,6,2
aba,12,7,2
aba,13,7,2
aba,14,7,3
aba,23,7,2
aba,24,7,3
aba,34,7,1
aba,12,8,4
aba,13,8,2
aba,14,8,4
aba,23,8,2
aba,24,8,4
aba,34,8,1
aba,12,9,4
aba,13,9,1
aba,14,9,4
aba,23,9,2
aba,24,9,3
aba,34,9,2
aba,12,10,1
aba,13,10,1
aba,14,10,2
aba,23,10,2
aba,24,10,4
aba,34,10,3
aba,12,11,3
aba,13,11,3
aba,14,11,4
aba,23,11,3
aba,24,11,4
aba,34,11,3
aba,12,1,2
aba,13,1,1
aba,14,1,4
aba,23,1,1
aba,24,1,4
aba,34,1,1
aba,12,2,4
aba,13,2,2
aba,14,2,0
aba,23,2,3
aba,24,2,0
aba,34,2,0
aba,12,3,3
aba,13,3,3
aba,14,3,4
aba,23,3,5
aba,24,3,4
aba,34,3,3
aba,12,4,4
aba,13,4,3
aba,14,4,4
aba,23,4,3
aba,24,4,4
aba,34,4,1
aba,12,5,4
aba,13,5,3
aba,14,5,0
aba,23,5,2
aba,24,5,0
aba,34,5,0
aba,12,6,3
aba,13,6,2
aba,14,6,4
aba,23,6,2
aba,24,6,4
aba,34,6,3
aba,12,7,4
aba,13,7,3
aba,14,7,4
aba,23,7,1
aba,24,7,4
aba,34,7,2
aba,12,8,4
aba,13,8,3
aba,14,8,3
aba,23,8,3
aba,24,8,4
aba,34,8,1
aba,12,9,3
aba,13,9,2
aba,14,9,4
aba,23,9,2
aba,24,9,4
aba,34,9,3
aba,12,10,1
aba,13,10,1
aba,14,10,1
aba,23,10,3
aba,24,10,4
aba,34,10,3
aba,12,11,4
aba,13,11,3
aba,14,11,4
aba,23,11,3
aba,24,11,4
aba,34,11,1
abb,12,1,5
abb,13,1,5
abb,14,1,5
abb,23,1,4
abb,24,1,5
abb,34,1,4
abb,12,2,5
abb,13,2,4
abb,14,2,0
abb,23,2,3
abb,24,2,0
abb,34,2,0
abb,12,3,5
abb,13,3,2
abb,14,3,5
abb,23,3,4
abb,24,3,5
abb,34,3,2
abb,12,4,5
abb,13,4,4
abb,14,4,5
abb,23,4,4
abb,24,4,5
abb,34,4,4
abb,12,5,5
abb,13,5,2
abb,14,5,0
abb,23,5,4
abb,24,5,0
abb,34,5,0
abb,12,6,4
abb,13,6,4
abb,14,6,3
abb,23,6,4
abb,24,6,5
abb,34,6,4
abb,12,7,5
abb,13,7,5
abb,14,7,5
abb,23,7,3
abb,24,7,5
abb,34,7,3
abb,12,8,5
abb,13,8,3
abb,14,8,5
abb,23,8,3
abb,24,8,5
abb,34,8,3
abb,12,9,5
abb,13,9,2
abb,14,9,5
abb,23,9,2
abb,24,9,5
abb,34,9,2
abb,12,10,2
abb,13,10,2
abb,14,10,1
abb,23,10,4
abb,24,10,5
abb,34,10,2
abb,12,11,5
abb,13,11,2
abb,14,11,5
abb,23,11,5
abb,24,11,5
abb,34,11,4
abb,12,1,5
abb,13,1,3
abb,14,1,5
abb,23,1,4
abb,24,1,5
abb,34,1,3
abb,12,2,5
abb,13,2,4
abb,14,2,0
abb,23,2,4
abb,24,2,0
abb,34,2,0
abb,12,3,5
abb,13,3,3
abb,14,3,4
abb,23,3,3
abb,24,3,5
abb,34,3,2
abb,12,4,5
abb,13,4,4
abb,14,4,4
abb,23,4,4
abb,24,4,5
abb,34,4,3
abb,12,5,3
abb,13,5,3
abb,14,5,0
abb,23,5,3
abb,24,5,0
abb,34,5,0
abb,12,6,5
abb,13,6,4
abb,14,6,5
abb,23,6,4
abb,24,6,5
abb,34,6,4
abb,12,7,5
abb,13,7,4
abb,14,7,5
abb,23,7,4
abb,24,7,5
abb,34,7,4
abb,12,8,5
abb,13,8,2
abb,14,8,5
abb,23,8,3
abb,24,8,5
abb,34,8,4
abb,12,9,4
abb,13,9,2
abb,14,9,5
abb,23,9,3
abb,24,9,5
abb,34,9,2
abb,12,10,1
abb,13,10,1
abb,14,10,1
abb,23,10,2
abb,24,10,5
abb,34,10,3
abb,12,11,5
abb,13,11,2
abb,14,11,5
abb,23,11,4
abb,24,11,5
abb,34,11,2
abd,12,1,4
abd,13,1,3
abd,14,1,4
abd,23,1,3
abd,24,1,5
abd,34,1,2
abd,12,2,4
abd,13,2,2
abd,14,2,0
abd,23,2,3
abd,24,2,0
abd,34,2,0
abd,12,3,5
abd,13,3,3
abd,14,3,4
abd,23,3,3
abd,24,3,4
abd,34,3,3
abd,12,4,4
abd,13,4,3
abd,14,4,4
abd,23,4,3
abd,24,4,4
abd,34,4,3
abd,12,5,4
abd,13,5,3
abd,14,5,0
abd,23,5,3
abd,24,5,0
abd,34,5,0
abd,12,6,3
abd,13,6,3
abd,14,6,5
abd,23,6,3
abd,24,6,4
abd,34,6,2
abd,12,7,5
abd,13,7,2
abd,14,7,4
abd,23,7,2
abd,24,7,4
abd,34,7,2
abd,12,8,5
abd,13,8,4
abd,14,8,5
abd,23,8,4
abd,24,8,4
abd,34,8,2
abd,12,9,4
abd,13,9,3
abd,14,9,4
abd,23,9,3
abd,24,9,5
abd,34,9,3
abd,12,10,1
abd,13,10,2
abd,14,10,2
abd,23,10,2
abd,24,10,5
abd,34,10,2
abd,12,11,4
abd,13,11,3
abd,14,11,4
abd,23,11,1
abd,24,11,4
abd,34,11,2
abd,12,1,4
abd,13,1,3
abd,14,1,3
abd,23,1,2
abd,24,1,3
abd,34,1,1
abd,12,2,4
abd,13,2,3
abd,14,2,0
abd,23,2,3
abd,24,2,0
abd,34,2,0
abd,12,3,4
abd,13,3,3
abd,14,3,4
abd,23,3,2
abd,24,3,4
abd,34,3,2
abd,12,4,3
abd,13,4,3
abd,14,4,4
abd,23,4,3
abd,24,4,4
abd,34,4,3
abd,12,5,3
abd,13,5,3
abd,14,5,0
abd,23,5,2
abd,24,5,0
abd,34,5,0
abd,12,6,4
abd,13,6,3
abd,14,6,4
abd,23,6,3
abd,24,6,4
abd,34,6,2
abd,12,7,4
abd,13,7,2
abd,14,7,3
abd,23,7,2
abd,24,7,4
abd,34,7,2
abd,12,8,4
abd,13,8,2
abd,14,8,4
abd,23,8,2
abd,24,8,4
abd,34,8,3
abd,12,9,4
abd,13,9,3
abd,14,9,4
abd,23,9,3
abd,24,9,4
abd,34,9,2
abd,12,10,1
abd,13,10,1
abd,14,10,2
abd,23,10,2
abd,24,10,4
abd,34,10,1
abd,12,11,4
abd,13,11,2
abd,14,11,4
abd,23,11,3
abd,24,11,4
abd,34,11,1
abf,12,1,5
abf,13,1,5
abf,14,1,4
abf,23,1,4
abf,24,1,4
abf,34,1,4
abf,12,2,5
abf,13,2,5
abf,14,2,0
abf,23,2,4
abf,24,2,0
abf,34,2,0
abf,12,3,2
abf,13,3,2
abf,14,3,2
abf,23,3,2
abf,24,3,4
abf,34,3,2
abf,12,4,4
abf,13,4,3
abf,14,4,4
abf,23,4,3
abf,24,4,2
abf,34,4,4
abf,12,5,3
abf,13,5,3
abf,14,5,0
abf,23,5,2
abf,24,5,0
abf,34,5,0
abf,12,6,3
abf,13,6,2
abf,14,6,5
abf,23,6,2
abf,24,6,4
abf,34,6,4
abf,12,7,4
abf,13,7,4
abf,14,7,4
abf,23,7,4
abf,24,7,4
abf,34,7,3
abf,12,8,3
abf,13,8,4
abf,14,8,3
abf,23,8,3
abf,24,8,4
abf,34,8,3
abf,12,9,4
abf,13,9,2
abf,14,9,4
abf,23,9,2
abf,24,9,3
abf,34,9,2
abf,12,10,1
abf,13,10,1
abf,14,10,1
abf,23,10,3
abf,24,10,3
abf,34,10,3
abf,12,11,4
abf,13,11,3
abf,14,11,4
abf,23,11,2
abf,24,11,4
abf,34,11,3
abf,12,1,4
abf,13,1,3
abf,14,1,4
abf,23,1,3
abf,24,1,5
abf,34,1,4
abf,12,2,4
abf,13,2,3
abf,14,2,0
abf,23,2,3
abf,24,2,0
abf,34,2,0
abf,12,3,4
abf,13,3,2
abf,14,3,4
abf,23,3,2
abf,24,3,4
abf,34,3,3
abf,12,4,3
abf,13,4,4
abf,14,4,3
abf,23,4,3
abf,24,4,4
abf,34,4,3
abf,12,5,3
abf,13,5,3
abf,14,5,0
abf,23,5,3
abf,24,5,0
abf,34,5,0
abf,12,6,4
abf,13,6,3
abf,14,6,3
abf,23,6,3
abf,24,6,4
abf,34,6,3
abf,12,7,4
abf,13,7,3
abf,14,7,4
abf,23,7,3
abf,24,7,4
abf,34,7,3
abf,12,8,4
abf,13,8,3
abf,14,8,3
abf,23,8,2
abf,24,8,4
abf,34,8,2
abf,12,9,4
abf,13,9,2
abf,14,9,3
abf,23,9,2
abf,24,9,4
abf,34,9,2
abf,12,10,1
abf,13,10,1
abf,14,10,1
abf,23,10,3
abf,24,10,3
abf,34,10,3
abf,12,11,5
abf,13,11,2
abf,14,11,3
abf,23,11,3
abf,24,11,3
abf,34,11,2
abg,12,1,5
abg,13,1,1
abg,14,1,5
abg,23,1,2
abg,24,1,3
abg,34,1,1
abg,12,2,3
abg,13,2,2
abg,14,2,0
abg,23,2,4
abg,24,2,0
abg,34,2,0
abg,12,3,4
abg,13,3,2
abg,14,3,4
abg,23,3,2
abg,24,3,5
abg,34,3,2
abg,12,4,3
abg,13,4,1
abg,14,4,4
abg,23,4,2
abg,24,4,3
abg,34,4,1
abg,12,5,3
abg,13,5,3
abg,14,5,0
abg,23,5,3
abg,24,5,0
abg,34,5,0
abg,12,6,3
abg,13,6,2
abg,14,6,4
abg,23,6,2
abg,24,6,4
abg,34,6,2
abg,12,7,4
abg,13,7,1
abg,14,7,4
abg,23,7,1
abg,24,7,3
abg,34,7,1
abg,12,8,4
abg,13,8,2
abg,14,8,4
abg,23,8,3
abg,24,8,4
abg,34,8,3
abg,12,9,5
abg,13,9,3
abg,14,9,3
abg,23,9,5
abg,24,9,3
abg,34,9,2
abg,12,10,1
abg,13,10,1
abg,14,10,1
abg,23,10,2
abg,24,10,2
abg,34,10,1
abg,12,11,2
abg,13,11,1
abg,14,11,3
abg,23,11,1
abg,24,11,5
abg,34,11,1
abg,12,1,5
abg,13,1,1
abg,14,1,4
abg,23,1,2
abg,24,1,3
abg,34,1,1
abg,12,2,5
abg,13,2,3
abg,14,2,0
abg,23,2,3
abg,24,2,0
abg,34,2,0
abg,12,3,5
abg,13,3,1
abg,14,3,4
abg,23,3,2
abg,24,3,5
abg,34,3,2
abg,12,4,2
abg,13,4,2
abg,14,4,2
abg,23,4,2
abg,24,4,3
abg,34,4,1
abg,12,5,5
abg,13,5,2
abg,14,5,0
abg,23,5,2
abg,24,5,0
abg,34,5,0
abg,12,6,2
abg,13,6,2
abg,14,6,3
abg,23,6,4
abg,24,6,3
abg,34,6,2
abg,12,7,3
abg,13,7,1
abg,14,7,4
abg,23,7,1
abg,24,7,3
abg,34,7,1
abg,12,8,3
abg,13,8,2
abg,14,8,3
abg,23,8,3
abg,24,8,4
abg,34,8,3
abg,12,9,5
abg,13,9,3
abg,14,9,3
abg,23,9,2
abg,24,9,3
abg,34,9,3
abg,12,10,1
abg,13,10,1
abg,14,10,1
abg,23,10,2
abg,24,10,2
abg,34,10,1
abg,12,11,2
abg,13,11,1
abg,14,11,3
abg,23,11,2
abg,24,11,3
abg,34,11,2
abi,12,1,4
abi,13,1,1
abi,14,1,4
abi,23,1,1
abi,24,1,5
abi,34,1,2
abi,12,2,2
abi,13,2,2
abi,14,2,0
abi,23,2,1
abi,24,2,0
abi,34,2,0
abi,12,3,2
abi,13,3,4
abi,14,3,4
abi,23,3,3
abi,24,3,4
abi,34,3,5
abi,12,4,4
abi,13,4,5
abi,14,4,4
abi,23,4,3
abi,24,4,5
abi,34,4,2
abi,12,5,2
abi,13,5,1
abi,14,5,0
abi,23,5,2
abi,24,5,0
abi,34,5,0
abi,12,6,2
abi,13,6,3
abi,14,6,4
abi,23,6,2
abi,24,6,5
abi,34,6,3
abi,12,7,3
abi,13,7,2
abi,14,7,3
abi,23,7,2
abi,24,7,1
abi,34,7,1
abi,12,8,3
abi,13,8,2
abi,14,8,3
abi,23,8,1
abi,24,8,3
abi,34,8,1
abi,12,9,4
abi,13,9,2
abi,14,9,2
abi,23,9,1
abi,24,9,3
abi,34,9,3
abi,12,10,1
abi,13,10,1
abi,14,10,1
abi,23,10,2
abi,24,10,2
abi,34,10,1
abi,12,11,3
abi,13,11,2
abi,14,11,4
abi,23,11,2
abi,24,11,5
abi,34,11,3
abi,12,1,4
abi,13,1,1
abi,14,1,4
abi,23,1,1
abi,24,1,5
abi,34,1,2
abi,12,2,4
abi,13,2,3
abi,14,2,0
abi,23,2,2
abi,24,2,0
abi,34,2,0
abi,12,3,5
abi,13,3,2
abi,14,3,3
abi,23,3,2
abi,24,3,3
abi,34,3,2
abi,12,4,4
abi,13,4,2
abi,14,4,3
abi,23,4,1
abi,24,4,3
abi,34,4,3
abi,12,5,3
abi,13,5,2
abi,14,5,0
abi,23,5,2
abi,24,5,0
abi,34,5,0
abi,12,6,5
abi,13,6,3
abi,14,6,3
abi,23,6,2
abi,24,6,5
abi,34,6,3
abi,12,7,4
abi,13,7,1
abi,14,7,3
abi,23,7,1
abi,24,7,4
abi,34,7,2
abi,12,8,5
abi,13,8,2
abi,14,8,3
abi,23,8,2
abi,24,8,4
abi,34,8,2
abi,12,9,5
abi,13,9,2
abi,14,9,4
abi,23,9,2
abi,24,9,3
abi,34,9,2
abi,12,10,1
abi,13,10,2
abi,14,10,1
abi,23,10,2
abi,24,10,4
abi,34,10,2
abi,12,11,5
abi,13,11,3
abi,14,11,3
abi,23,11,3
abi,24,11,4
abi,34,11,3
abj,12,1,3
abj,13,1,5
abj,14,1,3
abj,23,1,3
abj,24,1,5
abj,34,1,2
abj,12,2,3
abj,13,2,4
abj,14,2,0
abj,23,2,3
abj,24,2,0
abj,34,2,0
abj,12,3,5
abj,13,3,2
abj,14,3,3
abj,23,3,3
abj,24,3,4
abj,34,3,3
abj,12,4,5
abj,13,4,3
abj,14,4,4
abj,23,4,5
abj,24,4,5
abj,34,4,2
abj,12,5,4
abj,13,5,3
abj,14,5,0
abj,23,5,4
abj,24,5,0
abj,34,5,0
abj,12,6,3
abj,13,6,3
abj,14,6,3
abj,23,6,5
abj,24,6,5
abj,34,6,4
abj,12,7,4
abj,13,7,3
abj,14,7,5
abj,23,7,3
abj,24,7,3
abj,34,7,3
abj,12,8,3
abj,13,8,2
abj,14,8,5
abj,23,8,3
abj,24,8,5
abj,34,8,2
abj,12,9,3
abj,13,9,2
abj,14,9,3
abj,23,9,3
abj,24,9,4
abj,34,9,3
abj,12,10,2
abj,13,10,2
abj,14,10,2
abj,23,10,3
abj,24,10,5
abj,34,10,2
abj,12,11,5
abj,13,11,4
abj,14,11,5
abj,23,11,3
abj,24,11,5
abj,34,11,3
abj,12,1,5
abj,13,1,3
abj,14,1,5
abj,23,1,4
abj,24,1,5
abj,34,1,3
abj,12,2,4
abj,13,2,4
abj,14,2,0
abj,23,2,5
abj,24,2,0
abj,34,2,0
abj,12,3,5
abj,13,3,3
abj,14,3,5
abj,23,3,4
abj,24,3,4
abj,34,3,4
abj,12,4,5
abj,13,4,4
abj,14,4,5
abj,23,4,5
abj,24,4,5
abj,34,4,4
abj,12,5,5
abj,13,5,3
abj,14,5,0
abj,23,5,4
abj,24,5,0
abj,34,5,0
abj,12,6,5
abj,13,6,3
abj,14,6,5
abj,23,6,4
abj,24,6,5
abj,34,6,3
abj,12,7,5
abj,13,7,4
abj,14,7,5
abj,23,7,4
abj,24,7,5
abj,34,7,3
abj,12,8,4
abj,13,8,3
abj,14,8,5
abj,23,8,4
abj,24,8,5
abj,34,8,2
abj,12,9,4
abj,13,9,2
abj,14,9,4
abj,23,9,3
abj,24,9,5
abj,34,9,3
abj,12,10,3
abj,13,10,3
abj,14,10,2
abj,23,10,4
abj,24,10,4
abj,34,10,3
abj,12,11,5
abj,13,11,3
abj,14,11,5
abj,23,11,3
abj,24,11,5
abj,34,11,3
abk,12,1,4
abk,13,1,3
abk,14,1,4
abk,23,1,2
abk,24,1,4
abk,34,1,3
abk,12,2,3
abk,13,2,2
abk,14,2,0
abk,23,2,3
abk,24,2,0
abk,34,2,0
abk,12,3,4
abk,13,3,2
abk,14,3,3
abk,23,3,3
abk,24,3,4
abk,34,3,3
abk,12,4,3
abk,13,4,2
abk,14,4,3
abk,23,4,2
abk,24,4,4
abk,34,4,2
abk,12,5,4
abk,13,5,2
abk,14,5,0
abk,23,5,3
abk,24,5,0
abk,34,5,0
abk,12,6,5
abk,13,6,3
abk,14,6,3
abk,23,6,3
abk,24,6,4
abk,34,6,3
abk,12,7,3
abk,13,7,3
abk,14,7,4
abk,23,7,3
abk,24,7,4
abk,34,7,2
abk,12,8,4
abk,13,8,3
abk,14,8,4
abk,23,8,3
abk,24,8,3
abk,34,8,2
abk,12,9,4
abk,13,9,2
abk,14,9,4
abk,23,9,3
abk,24,9,4
abk,34,9,3
abk,12,10,2
abk,13,10,2
abk,14,10,2
abk,23,10,3
abk,24,10,4
abk,34,10,3
abk,12,11,4
abk,13,11,2
abk,14,11,4
abk,23,11,3
abk,24,11,4
abk,34,11,3
abk,12,1,3
abk,13,1,3
abk,14,1,3
abk,23,1,2
abk,24,1,3
abk,34,1,3
abk,12,2,4
abk,13,2,2
abk,14,2,0
abk,23,2,3
abk,24,2,0
abk,34,2,0
abk,12,3,4
abk,13,3,1
abk,14,3,3
abk,23,3,3
abk,24,3,4
abk,34,3,3
abk,12,4,3
abk,13,4,2
abk,14,4,3
abk,23,4,2
abk,24,4,4
abk,34,4,3
abk,12,5,4
abk,13,5,3
abk,14,5,0
abk,23,5,4
abk,24,5,0
abk,34,5,0
abk,12,6,3
abk,13,6,2
abk,14,6,3
abk,23,6,3
abk,24,6,3
abk,34,6,3
abk,12,7,4
abk,13,7,2
abk,14,7,4
abk,23,7,3
abk,24,7,4
abk,34,7,3
abk,12,8,4
abk,13,8,2
abk,14,8,3
abk,23,8,2
abk,24,8,4
abk,34,8,3
abk,12,9,3
abk,13,9,2
abk,14,9,4
abk,23,9,4
abk,24,9,4
abk,34,9,3
abk,12,10,1
abk,13,10,1
abk,14,10,2
abk,23,10,4
abk,24,10,5
abk,34,10,3
abk,12,11,4
abk,13,11,4
abk,14,11,4
abk,23,11,3
abk,24,11,5
abk,34,11,3
aca,12,1,4
aca,13,1,3
aca,14,1,4
aca,23,1,3
aca,24,1,5
aca,34,1,2
aca,12,2,4
aca,13,2,4
aca,14,2,0
aca,23,2,4
aca,24,2,0
aca,34,2,0
aca,12,3,3
aca,13,3,2
aca,14,3,5
aca,23,3,4
aca,24,3,4
aca,34,3,3
aca,12,4,5
aca,13,4,3
aca,14,4,3
aca,23,4,2
aca,24,4,4
aca,34,4,2
aca,12,5,3
aca,13,5,4
aca,14,5,0
aca,23,5,2
aca,24,5,0
aca,34,5,0
aca,12,6,4
aca,13,6,4
aca,14,6,4
aca,23,6,3
aca,24,6,3
aca,34,6,3
aca,12,7,5
aca,13,7,3
aca,14,7,4
aca,23,7,2
aca,24,7,4
aca,34,7,2
aca,12,8,4
aca,13,8,4
aca,14,8,4
aca,23,8,3
aca,24,8,5
aca,34,8,4
aca,12,9,4
aca,13,9,5
aca,14,9,4
aca,23,9,3
aca,24,9,5
aca,34,9,3
aca,12,10,1
aca,13,10,1
aca,14,10,1
aca,23,10,3
aca,24,10,5
aca,34,10,3
aca,12,11,4
aca,13,11,4
aca,14,11,4
aca,23,11,2
aca,24,11,5
aca,34,11,3
aca,12,1,4
aca,13,1,4
aca,14,1,5
aca,23,1,2
aca,24,1,4
aca,34,1,2
aca,12,2,4
aca,13,2,4
aca,14,2,0
aca,23,2,3
aca,24,2,0
aca,34,2,0
aca,12,3,5
aca,13,3,3
aca,14,3,4
aca,23,3,3
aca,24,3,5
aca,34,3,2
aca,12,4,4
aca,13,4,5
aca,14,4,4
aca,23,4,1
aca,24,4,3
aca,34,4,2
aca,12,5,3
aca,13,5,3
aca,14,5,0
aca,23,5,2
aca,24,5,0
aca,34,5,0
aca,12,6,4
aca,13,6,4
aca,14,6,5
aca,23,6,3
aca,24,6,5
aca,34,6,4
aca,12,7,4
aca,13,7,2
aca,14,7,4
aca,23,7,2
aca,24,7,3
aca,34,7,2
aca,12,8,4
aca,13,8,4
aca,14,8,4
aca,23,8,3
aca,24,8,5
aca,34,8,3
aca,12,9,5
aca,13,9,4
aca,14,9,3
aca,23,9,1
aca,24,9,5
aca,34,9,5
aca,12,10,1
aca,13,10,1
aca,14,10,1
aca,23,10,2
aca,24,10,5
aca,34,10,2
aca,12,11,4
aca,13,11,4
aca,14,11,3
aca,23,11,3
aca,24,11,3
aca,34,11,3
acc,12,1,4
acc,13,1,3
acc,14,1,4
acc,23,1,2
acc,24,1,5
acc,34,1,2
acc,12,2,4
acc,13,2,3
acc,14,2,0
acc,23,2,3
acc,24,2,0
acc,34,2,0
acc,12,3,5
acc,13,3,4
acc,14,3,2
acc,23,3,5
acc,24,3,2
acc,34,3,4
acc,12,4,5
acc,13,4,2
acc,14,4,4
acc,23,4,3
acc,24,4,4
acc,34,4,3
acc,12,5,3
acc,13,5,3
acc,14,5,0
acc,23,5,3
acc,24,5,0
acc,34,5,0
acc,12,6,3
acc,13,6,3
acc,14,6,3
acc,23,6,3
acc,24,6,3
acc,34,6,3
acc,12,7,5
acc,13,7,2
acc,14,7,5
acc,23,7,1
acc,24,7,4
acc,34,7,2
acc,12,8,4
acc,13,8,3
acc,14,8,5
acc,23,8,2
acc,24,8,4
acc,34,8,2
acc,12,9,3
acc,13,9,2
acc,14,9,4
acc,23,9,2
acc,24,9,4
acc,34,9,3
acc,12,10,2
acc,13,10,2
acc,14,10,2
acc,23,10,2
acc,24,10,4
acc,34,10,3
acc,12,11,2
acc,13,11,4
acc,14,11,5
acc,23,11,3
acc,24,11,5
acc,34,11,2
acc,12,1,5
acc,13,1,3
acc,14,1,5
acc,23,1,2
acc,24,1,4
acc,34,1,2
acc,12,2,4
acc,13,2,3
acc,14,2,0
acc,23,2,3
acc,24,2,0
acc,34,2,0
acc,12,3,3
acc,13,3,3
acc,14,3,4
acc,23,3,3
acc,24,3,3
acc,34,3,3
acc,12,4,4
acc,13,4,2
acc,14,4,4
acc,23,4,3
acc,24,4,4
acc,34,4,2
acc,12,5,3
acc,13,5,3
acc,14,5,0
acc,23,5,2
acc,24,5,0
acc,34,5,0
acc,12,6,3
acc,13,6,3
acc,14,6,4
acc,23,6,2
acc,24,6,3
acc,34,6,3
acc,12,7,4
acc,13,7,2
acc,14,7,5
acc,23,7,1
acc,24,7,3
acc,34,7,2
acc,12,8,4
acc,13,8,3
acc,14,8,4
acc,23,8,3
acc,24,8,3
acc,34,8,3
acc,12,9,4
acc,13,9,2
acc,14,9,4
acc,23,9,2
acc,24,9,4
acc,34,9,2
acc,12,10,1
acc,13,10,2
acc,14,10,1
acc,23,10,1
acc,24,10,4
acc,34,10,3
acc,12,11,3
acc,13,11,3
acc,14,11,5
acc,23,11,2
acc,24,11,4
acc,34,11,4
acf,12,1,5
acf,13,1,1
acf,14,1,4
acf,23,1,1
acf,24,1,4
acf,34,1,1
acf,12,2,5
acf,13,2,2
acf,14,2,0
acf,23,2,1
acf,24,2,0
acf,34,2,0
acf,12,3,5
acf,13,3,1
acf,14,3,4
acf,23,3,1
acf,24,3,5
acf,34,3,4
acf,12,4,4
acf,13,4,1
acf,14,4,3
acf,23,4,1
acf,24,4,3
acf,34,4,1
acf,12,5,5
acf,13,5,2
acf,14,5,0
acf,23,5,1
acf,24,5,0
acf,34,5,0
acf,12,6,4
acf,13,6,2
acf,14,6,3
acf,23,6,2
acf,24,6,4
acf,34,6,2
acf,12,7,4
acf,13,7,2
acf,14,7,4
acf,23,7,1
acf,24,7,3
acf,34,7,1
acf,12,8,3
acf,13,8,2
acf,14,8,4
acf,23,8,1
acf,24,8,3
acf,34,8,2
acf,12,9,4
acf,13,9,2
acf,14,9,3
acf,23,9,1
acf,24,9,3
acf,34,9,3
acf,12,10,1
acf,13,10,1
acf,14,10,1
acf,23,10,2
acf,24,10,3
acf,34,10,2
acf,12,11,5
acf,13,11,3
acf,14,11,4
acf,23,11,3
acf,24,11,3
acf,34,11,2
acf,12,1,5
acf,13,1,1
acf,14,1,5
acf,23,1,1
acf,24,1,4
acf,34,1,1
acf,12,2,4
acf,13,2,2
acf,14,2,0
acf,23,2,1
acf,24,2,0
acf,34,2,0
acf,12,3,4
acf,13,3,2
acf,14,3,4
acf,23,3,2
acf,24,3,4
acf,34,3,1
acf,12,4,5
acf,13,4,2
acf,14,4,3
acf,23,4,1
acf,24,4,4
acf,34,4,1
acf,12,5,4
acf,13,5,2
acf,14,5,0
acf,23,5,2
acf,24,5,0
acf,34,5,0
acf,12,6,5
acf,13,6,2
acf,14,6,3
acf,23,6,1
acf,24,6,4
acf,34,6,3
acf,12,7,4
acf,13,7,1
acf,14,7,5
acf,23,7,1
acf,24,7,3
acf,34,7,1
acf,12,8,5
acf,13,8,2
acf,14,8,5
acf,23,8,2
acf,24,8,4
acf,34,8,1
acf,12,9,5
acf,13,9,1
acf,14,9,3
acf,23,9,2
acf,24,9,4
acf,34,9,2
acf,12,10,1
acf,13,10,1
acf,14,10,1
acf,23,10,1
acf,24,10,4
acf,34,10,2
acf,12,11,5
acf,13,11,2
acf,14,11,4
acf,23,11,2
acf,24,11,4
acf,34,11,1
acg,12,1,4
acg,13,1,4
acg,14,1,4
acg,23,1,4
acg,24,1,5
acg,34,1,3
acg,12,2,5
acg,13,2,4
acg,14,2,0
acg,23,2,4
acg,24,2,0
acg,34,2,0
acg,12,3,5
acg,13,3,2
acg,14,3,4
acg,23,3,3
acg,24,3,3
acg,34,3,3
acg,12,4,5
acg,13,4,3
acg,14,4,5
acg,23,4,5
acg,24,4,4
acg,34,4,4
acg,12,5,5
acg,13,5,3
acg,14,5,0
acg,23,5,3
acg,24,5,0
acg,34,5,0
acg,12,6,4
acg,13,6,5
acg,14,6,5
acg,23,6,3
acg,24,6,4
acg,34,6,3
acg,12,7,5
acg,13,7,4
acg,14,7,5
acg,23,7,4
acg,24,7,5
acg,34,7,3
acg,12,8,5
acg,13,8,2
acg,14,8,5
acg,23,8,2
acg,24,8,5
acg,34,8,3
acg,12,9,5
acg,13,9,3
acg,14,9,5
acg,23,9,3
acg,24,9,3
acg,34,9,2
acg,12,10,2
acg,13,10,2
acg,14,10,3
acg,23,10,3
acg,24,10,4
acg,34,10,2
acg,12,11,5
acg,13,11,4
acg,14,11,5
acg,23,11,4
acg,24,11,4
acg,34,11,3
acg,12,1,4
acg,13,1,4
acg,14,1,5
acg,23,1,3
acg,24,1,4
acg,34,1,4
acg,12,2,5
acg,13,2,4
acg,14,2,0
acg,23,2,5
acg,24,2,0
acg,34,2,0
acg,12,3,5
acg,13,3,2
acg,14,3,4
acg,23,3,2
acg,24,3,4
acg,34,3,2
acg,12,4,5
acg,13,4,3
acg,14,4,5
acg,23,4,4
acg,24,4,4
acg,34,4,3
acg,12,5,5
acg,13,5,3
acg,14,5,0
acg,23,5,3
acg,24,5,0
acg,34,5,0
acg,12,6,5
acg,13,6,3
acg,14,6,5
acg,23,6,3
acg,24,6,5
acg,34,6,3
acg,12,7,5
acg,13,7,3
acg,14,7,5
acg,23,7,3
acg,24,7,4
acg,34,7,3
acg,12,8,5
acg,13,8,2
acg,14,8,4
acg,23,8,2
acg,24,8,5
acg,34,8,3
acg,12,9,5
acg,13,9,2
acg,14,9,5
acg,23,9,2
acg,24,9,4
acg,34,9,2
acg,12,10,3
acg,13,10,2
acg,14,10,3
acg,23,10,4
acg,24,10,5
acg,34,10,3
acg,12,11,5
acg,13,11,3
acg,14,11,5
acg,23,11,3
acg,24,11,5
acg,34,11,3
ach,12,1,3
ach,13,1,2
ach,14,1,4
ach,23,1,3
ach,24,1,3
ach,34,1,2
ach,12,2,2
ach,13,2,4
ach,14,2,0
ach,23,2,3
ach,24,2,0
ach,34,2,0
ach,12,3,3
ach,13,3,2
ach,14,3,3
ach,23,3,3
ach,24,3,3
ach,34,3,2
ach,12,4,4
ach,13,4,2
ach,14,4,2
ach,23,4,2
ach,24,4,5
ach,34,4,2
ach,12,5,4
ach,13,5,2
ach,14,5,0
ach,23,5,2
ach,24,5,0
ach,34,5,0
ach,12,6,3
ach,13,6,2
ach,14,6,3
ach,23,6,3
ach,24,6,3
ach,34,6,2
ach,12,7,4
ach,13,7,3
ach,14,7,5
ach,23,7,1
ach,24,7,5
ach,34,7,2
ach,12,8,4
ach,13,8,3
ach,14,8,4
ach,23,8,2
ach,24,8,4
ach,34,8,2
ach,12,9,3
ach,13,9,2
ach,14,9,5
ach,23,9,2
ach,24,9,4
ach,34,9,2
ach,12,10,1
ach,13,10,1
ach,14,10,1
ach,23,10,2
ach,24,10,4
ach,34,10,2
ach,12,11,4
ach,13,11,2
ach,14,11,5
ach,23,11,4
ach,24,11,5
ach,34,11,2
ach,12,1,2
ach,13,1,3
ach,14,1,2
ach,23,1,2
ach,24,1,2
ach,34,1,2
ach,12,2,4
ach,13,2,3
ach,14,2,0
ach,23,2,4
ach,24,2,0
ach,34,2,0
ach,12,3,3
ach,13,3,2
ach,14,3,3
ach,23,3,2
ach,24,3,3
ach,34,3,2
ach,12,4,3
ach,13,4,2
ach,14,4,3
ach,23,4,3
ach,24,4,4
ach,34,4,2
ach,12,5,2
ach,13,5,3
ach,14,5,0
ach,23,5,2
ach,24,5,0
ach,34,5,0
ach,12,6,3
ach,13,6,3
ach,14,6,3
ach,23,6,3
ach,24,6,2
ach,34,6,2
ach,12,7,4
ach,13,7,2
ach,14,7,5
ach,23,7,1
ach,24,7,3
ach,34,7,2
ach,12,8,4
ach,13,8,3
ach,14,8,2
ach,23,8,3
ach,24,8,3
ach,34,8,2
ach,12,9,3
ach,13,9,2
ach,14,9,3
ach,23,9,2
ach,24,9,3
ach,34,9,1
ach,12,10,2
ach,13,10,1
ach,14,10,1
ach,23,10,2
ach,24,10,5
ach,34,10,2
ach,12,11,3
ach,13,11,3
ach,14,11,3
ach,23,11,4
ach,24,11,4
ach,34,11,3
rwn,12,1,4
rwn,13,1,2
rwn,14,1,5
rwn,23,1,3
rwn,24,1,3
rwn,34,1,3
rwn,12,2,3
rwn,13,2,4
rwn,14,2,0
rwn,23,2,4
rwn,24,2,0
rwn,34,2,0
rwn,12,3,5
rwn,13,3,3
rwn,14,3,5
rwn,23,3,3
rwn,24,3,4
rwn,34,3,4
rwn,12,4,4
rwn,13,4,3
rwn,14,4,4
rwn,23,4,2
rwn,24,4,4
rwn,34,4,2
rwn,12,5,5
rwn,13,5,2
rwn,14,5,0
rwn,23,5,3
rwn,24,5,0
rwn,34,5,0
rwn,12,6,5
rwn,13,6,3
rwn,14,6,4
rwn,23,6,4
rwn,24,6,5
rwn,34,6,3
rwn,12,7,2
rwn,13,7,3
rwn,14,7,5
rwn,23,7,2
rwn,24,7,4
rwn,34,7,2
rwn,12,8,5
rwn,13,8,3
rwn,14,8,5
rwn,23,8,3
rwn,24,8,5
rwn,34,8,3
rwn,12,9,4
rwn,13,9,3
rwn,14,9,5
rwn,23,9,4
rwn,24,9,4
rwn,34,9,3
rwn,12,10,1
rwn,13,10,2
rwn,14,10,2
rwn,23,10,2
rwn,24,10,3
rwn,34,10,3
rwn,12,11,4
rwn,13,11,3
rwn,14,11,5
rwn,23,11,4
rwn,24,11,4
rwn,34,11,3
rwn,12,1,5
rwn,13,1,2
rwn,14,1,5
rwn,23,1,2
rwn,24,1,5
rwn,34,1,2
rwn,12,2,4
rwn,13,2,3
rwn,14,2,0
rwn,23,2,4
rwn,24,2,0
rwn,34,2,0
rwn,12,3,5
rwn,13,3,2
rwn,14,3,5
rwn,23,3,2
rwn,24,3,5
rwn,34,3,1
rwn,12,4,3
rwn,13,4,2
rwn,14,4,5
rwn,23,4,2
rwn,24,4,4
rwn,34,4,2
rwn,12,5,5
rwn,13,5,2
rwn,14,5,0
rwn,23,5,2
rwn,24,5,0
rwn,34,5,0
rwn,12,6,4
rwn,13,6,2
rwn,14,6,5
rwn,23,6,2
rwn,24,6,3
rwn,34,6,3
rwn,12,7,5
rwn,13,7,1
rwn,14,7,5
rwn,23,7,2
rwn,24,7,4
rwn,34,7,2
rwn,12,8,5
rwn,13,8,3
rwn,14,8,5
rwn,23,8,3
rwn,24,8,5
rwn,34,8,4
rwn,12,9,5
rwn,13,9,3
rwn,14,9,5
rwn,23,9,3
rwn,24,9,3
rwn,34,9,3
rwn,12,10,1
rwn,13,10,1
rwn,14,10,2
rwn,23,10,3
rwn,24,10,4
rwn,34,10,3
rwn,12,11,5
rwn,13,11,3
rwn,14,11,5
rwn,23,11,3
rwn,24,11,4
rwn,34,11,3
